"","Year","index_n","index_b","index_n_std","index_b_std","SpeciesName","SurveyName","Region"
"1",2001,0.0923628342983182,20.6617038875103,0.209840097398513,0.39937501477996,"Eledone cirrhosa","IBTS Q1","North Sea"
"2",2002,0,0,0,0,"Eledone cirrhosa","IBTS Q1","North Sea"
"3",2003,0,0,0,0,"Eledone cirrhosa","IBTS Q1","North Sea"
"4",2004,0,0,0,0,"Eledone cirrhosa","IBTS Q1","North Sea"
"5",2005,0.0424628450106157,7.08067940552017,0.0964717854377041,0.136864145262539,"Eledone cirrhosa","IBTS Q1","North Sea"
"6",2006,0.00860215053763441,0.0387096774193548,0.0195433165338317,0.00074822861055653,"Eledone cirrhosa","IBTS Q1","North Sea"
"7",2007,0.0375663536137199,8.58044099632503,0.085347394989518,0.165853395653266,"Eledone cirrhosa","IBTS Q1","North Sea"
"8",2008,0.0761217948717949,11.7143429487179,0.172941908630211,0.226429335825966,"Eledone cirrhosa","IBTS Q1","North Sea"
"9",2009,0.260156673255729,6.33552968738561,0.591052689857194,0.122460968190915,"Eledone cirrhosa","IBTS Q1","North Sea"
"10",2010,0.139870689655172,9.49224137931034,0.317773695051853,0.183477803272972,"Eledone cirrhosa","IBTS Q1","North Sea"
"11",2011,0.111875,36.97625,0.254169992452106,0.714722777494848,"Eledone cirrhosa","IBTS Q1","North Sea"
"12",2012,0.151263990646186,8.78518288025798,0.343658255739143,0.169810900482828,"Eledone cirrhosa","IBTS Q1","North Sea"
"13",2013,0.151352434381887,17.7521138048487,0.343859191995103,0.34313485237162,"Eledone cirrhosa","IBTS Q1","North Sea"
"14",2014,0.339354742727372,32.3804000481669,0.770983619196447,0.625888494880367,"Eledone cirrhosa","IBTS Q1","North Sea"
"15",2015,0.74487141672838,47.5085319917209,1.69228122786719,0.918303774445098,"Eledone cirrhosa","IBTS Q1","North Sea"
"16",2016,1.4919632406239,172.96708918448,3.38960702219617,3.34332222432319,"Eledone cirrhosa","IBTS Q1","North Sea"
"17",2017,3.18253916710784,299.716101107919,7.23044430017726,5.79328418224613,"Eledone cirrhosa","IBTS Q1","North Sea"
"18",2018,0.397885160201721,57.7539208513762,0.903959491980124,1.11633934544777,"Eledone cirrhosa","IBTS Q1","North Sea"
"19",2019,0.527975430274281,69.7324241318494,1.19951294862759,1.34787469948857,"Eledone cirrhosa","IBTS Q1","North Sea"
"20",2020,0.537503032373769,53.3253440277249,1.22115880832559,1.03073832512393,"Eledone cirrhosa","IBTS Q1","North Sea"
"21",2021,0.621171582883257,74.7000934773577,1.41124627068514,1.44389596806766,"Eledone cirrhosa","IBTS Q1","North Sea"
"22",2022,0.267216756585211,47.9013011742304,0.607092567636553,0.925895703887311,"Eledone cirrhosa","IBTS Q1","North Sea"
"23",2023,0.323295454545455,51.9573863636364,0.734498352997706,1.00429674434782,"Eledone cirrhosa","IBTS Q1","North Sea"
"24",2024,0.417127799736495,63.2687747035573,0.947677047692412,1.22293727419147,"Eledone cirrhosa","IBTS Q1","North Sea"
"25",2025,0.500102598686391,61.2728857033342,1.13618836856669,1.18435825847703,"Eledone cirrhosa","IBTS Q1","North Sea"
"26",2026,1.46162957439771,236.946087634466,3.32069164596595,4.57998758312818,"Eledone cirrhosa","IBTS Q1","North Sea"
"27",2004,0.0302013422818792,2.35234899328859,0.0573488184611909,0.0494709052351392,"Eledone cirrhosa","IBTS Q3","North Sea"
"28",2005,0.02,9.24666666666667,0.0379776620031887,0.194461354039174,"Eledone cirrhosa","IBTS Q3","North Sea"
"29",2006,0.0317460317460317,8.6984126984127,0.0602820031796645,0.182931338643642,"Eledone cirrhosa","IBTS Q3","North Sea"
"30",2007,0.0402684563758389,8.61521252796421,0.0764650912815879,0.181181603481237,"Eledone cirrhosa","IBTS Q3","North Sea"
"31",2008,0.0844444444444444,15.6933333333333,0.160350128457908,0.330037510748533,"Eledone cirrhosa","IBTS Q3","North Sea"
"32",2009,0.0329032258064516,4.2,0.0624793794246007,0.0883277959947221,"Eledone cirrhosa","IBTS Q3","North Sea"
"33",2010,0.0809032258064516,12.3475268817204,0.153625768232253,0.25967377034475,"Eledone cirrhosa","IBTS Q3","North Sea"
"34",2011,0.127450980392157,8.7004357298475,0.242014512765418,0.1829738838598,"Eledone cirrhosa","IBTS Q3","North Sea"
"35",2012,0.282288392610973,6.55344637441412,0.536032658100148,0.137821779624191,"Eledone cirrhosa","IBTS Q3","North Sea"
"36",2013,0.17534197696674,41.5030483234349,0.332953916810687,0.87282685368368,"Eledone cirrhosa","IBTS Q3","North Sea"
"37",2014,0.16983016983017,10.2702297702298,0.322487639387716,0.215987323800899,"Eledone cirrhosa","IBTS Q3","North Sea"
"38",2015,1.25701772615828,80.256056848841,2.3869297168028,1.68781919444887,"Eledone cirrhosa","IBTS Q3","North Sea"
"39",2016,3.15552019553839,191.194133866047,5.99196397151963,4.02089439321613,"Eledone cirrhosa","IBTS Q3","North Sea"
"40",2017,2.10600731072783,172.88385501765,3.9990616911533,3.63582139923335,"Eledone cirrhosa","IBTS Q3","North Sea"
"41",2018,1.29513946848232,117.844424921297,2.45931844905055,2.47831864846755,"Eledone cirrhosa","IBTS Q3","North Sea"
"42",2019,1.50179122425178,91.0183680450254,2.85172597569945,1.91415520106037,"Eledone cirrhosa","IBTS Q3","North Sea"
"43",2020,0.781778572738947,90.5686777655476,1.48450611984075,1.90469802218738,"Eledone cirrhosa","IBTS Q3","North Sea"
"44",2021,0.721751191141945,149.436023450814,1.37052113937938,3.14270347467286,"Eledone cirrhosa","IBTS Q3","North Sea"
"45",2022,0.423241316503997,53.488509674597,0.80368578319867,1.12488623109513,"Eledone cirrhosa","IBTS Q3","North Sea"
"46",2023,0.260373250551963,34.1894733151283,0.494418365206701,0.719019243844201,"Eledone cirrhosa","IBTS Q3","North Sea"
"47",2024,0.314493444036115,28.7443627784583,0.597186285991114,0.604506240831893,"Eledone cirrhosa","IBTS Q3","North Sea"
"48",2025,0.799767465372561,98.4993681124254,1.5186649240533,2.07148383148651,"Eledone cirrhosa","IBTS Q3","North Sea"
"49",2000,1.17721518987342,0,0.835337918103816,0,"Eledone cirrhosa","BTS","North Sea"
"50",2001,0.365384615384615,0,0.259272583762164,0,"Eledone cirrhosa","BTS","North Sea"
"51",2002,0.404205607476636,0,0.286819498711809,0,"Eledone cirrhosa","BTS","North Sea"
"52",2003,3.1267714741399,0,2.21871990445117,0,"Eledone cirrhosa","BTS","North Sea"
"53",2004,0.553728070175439,0,0.392918862511221,0,"Eledone cirrhosa","BTS","North Sea"
"54",2005,0.396077041238332,0,0.281051564644118,0,"Eledone cirrhosa","BTS","North Sea"
"55",2006,0.431578947368421,0,0.306243295612706,0,"Eledone cirrhosa","BTS","North Sea"
"56",2007,0.558922558922559,1.92929292929293,0.396604810036329,0.0120962421054866,"Eledone cirrhosa","BTS","North Sea"
"57",2008,0.590084755601997,165.800534076396,0.418717134717208,1.03953286250942,"Eledone cirrhosa","BTS","North Sea"
"58",2009,1.32906020799124,96.045894909688,0.943085339645853,0.602186625175418,"Eledone cirrhosa","BTS","North Sea"
"59",2010,0.333459643804471,51.9547808513326,0.236619003070474,0.325745042742442,"Eledone cirrhosa","BTS","North Sea"
"60",2011,0.27831715210356,72.0388349514563,0.197490545832805,0.45166764224309,"Eledone cirrhosa","BTS","North Sea"
"61",2012,0.407280879683997,110.095370271521,0.289001675348161,0.690273743959438,"Eledone cirrhosa","BTS","North Sea"
"62",2013,0.600526960371232,94.0110464248395,0.426126799209631,0.589428572965207,"Eledone cirrhosa","BTS","North Sea"
"63",2014,0.65993265993266,124.40404040404,0.468280378115183,0.779985956917133,"Eledone cirrhosa","BTS","North Sea"
"64",2015,3.25692199956906,138.328215901745,2.31107317162555,0.867287473126624,"Eledone cirrhosa","BTS","North Sea"
"65",2016,2.46980839673147,252.195287404903,1.75254670682837,1.58120895380594,"Eledone cirrhosa","BTS","North Sea"
"66",2017,5.56727886056971,735.024237881059,3.95047496234885,4.60844022170782,"Eledone cirrhosa","BTS","North Sea"
"67",2018,3.52959984993498,505.766522397065,2.50456213591778,3.17104479619227,"Eledone cirrhosa","BTS","North Sea"
"68",2019,2.48714797747056,245.061955965182,1.76485066739563,1.53648453544342,"Eledone cirrhosa","BTS","North Sea"
"69",2020,2.32643304149695,403.757670458979,1.65080925748244,2.53147174266015,"Eledone cirrhosa","BTS","North Sea"
"70",2021,1.33497724353287,228.870649086329,0.947283997795364,1.43496860438022,"Eledone cirrhosa","BTS","North Sea"
"71",2022,0.700516205466701,86.3791148345604,0.497077980055167,0.541578041380892,"Eledone cirrhosa","BTS","North Sea"
"72",2023,0.481297990460552,97.3196340605208,0.341523338126565,0.610172689351456,"Eledone cirrhosa","BTS","North Sea"
"73",2024,0.775221043324492,47.3967727674624,0.550087645802956,0.297167335094146,"Eledone cirrhosa","BTS","North Sea"
"74",2025,2.4992256252826,690.496151383183,1.77342082284867,4.32925891823943,"Eledone cirrhosa","BTS","North Sea"
"75",2016,0.0136332651670075,1.34287661895024,27,27,"Eledone","IBTS Q1","North Sea"
"76",2017,0,0,0,0,"Eledone","IBTS Q1","North Sea"
"77",2018,0,0,0,0,"Eledone","IBTS Q1","North Sea"
"78",2019,0,0,0,0,"Eledone","IBTS Q1","North Sea"
"79",2020,0,0,0,0,"Eledone","IBTS Q1","North Sea"
"80",2021,0,0,0,0,"Eledone","IBTS Q1","North Sea"
"81",2022,0,0,0,0,"Eledone","IBTS Q1","North Sea"
"82",2023,0,0,0,0,"Eledone","IBTS Q1","North Sea"
"83",2024,0,0,0,0,"Eledone","IBTS Q1","North Sea"
"84",2025,0,0,0,0,"Eledone","IBTS Q1","North Sea"
"85",2026,0,0,0,0,"Eledone","IBTS Q1","North Sea"
"86",2011,0.836601307189543,0.77124183006536,26,26,"Eledone","IBTS Q3","North Sea"
"87",2012,0,0,0,0,"Eledone","IBTS Q3","North Sea"
"88",2013,0,0,0,0,"Eledone","IBTS Q3","North Sea"
"89",2014,0,0,0,0,"Eledone","IBTS Q3","North Sea"
"90",2015,0,0,0,0,"Eledone","IBTS Q3","North Sea"
"91",2016,0,0,0,0,"Eledone","IBTS Q3","North Sea"
"92",2017,0,0,0,0,"Eledone","IBTS Q3","North Sea"
"93",2018,0,0,0,0,"Eledone","IBTS Q3","North Sea"
"94",2019,0,0,0,0,"Eledone","IBTS Q3","North Sea"
"95",2020,0,0,0,0,"Eledone","IBTS Q3","North Sea"
"96",2021,0,0,0,0,"Eledone","IBTS Q3","North Sea"
"97",2022,0,0,0,0,"Eledone","IBTS Q3","North Sea"
"98",2023,0,0,0,0,"Eledone","IBTS Q3","North Sea"
"99",2024,0,0,0,0,"Eledone","IBTS Q3","North Sea"
"100",2025,0,0,0,0,"Eledone","IBTS Q3","North Sea"
"101",2014,0.0202020202020202,0.868686868686869,0.934374598912003,0.92030298952834,"Eledone","BTS","North Sea"
"102",2015,0.0641025641025641,17.2115384615385,2.96484247731693,18.2342232529424,"Eledone","BTS","North Sea"
"103",2016,0.173076923076923,6.46153846153846,8.00507468875571,6.84547375752923,"Eledone","BTS","North Sea"
"104",2017,0,0,0,0,"Eledone","BTS","North Sea"
"105",2018,0.304761904761905,0,14.0957082350154,0,"Eledone","BTS","North Sea"
"106",2019,0,0,0,0,"Eledone","BTS","North Sea"
"107",2020,0,0,0,0,"Eledone","BTS","North Sea"
"108",2021,0,0,0,0,"Eledone","BTS","North Sea"
"109",2022,0,0,0,0,"Eledone","BTS","North Sea"
"110",2023,0,0,0,0,"Eledone","BTS","North Sea"
"111",2024,0,0,0,0,"Eledone","BTS","North Sea"
"112",2025,0,0,0,0,"Eledone","BTS","North Sea"
"113",2004,0.00447427293064877,1.05145413870246,0.956087608850375,1.02699724705197,"Octopodidae","IBTS Q3","North Sea"
"114",2005,0,0,0,0,"Octopodidae","IBTS Q3","North Sea"
"115",2006,0.0385487528344671,14.2857142857143,8.2373126299932,13.9534276423171,"Octopodidae","IBTS Q3","North Sea"
"116",2007,0.00671140939597315,7.95302013422819,1.43413141327556,7.76803236865907,"Octopodidae","IBTS Q3","North Sea"
"117",2008,0,0,0,0,"Octopodidae","IBTS Q3","North Sea"
"118",2009,0.0133333333333333,0.226666666666667,2.84914107437412,0.221394385258098,"Octopodidae","IBTS Q3","North Sea"
"119",2010,0,0,0,0,"Octopodidae","IBTS Q3","North Sea"
"120",2011,0,0,0,0,"Octopodidae","IBTS Q3","North Sea"
"121",2012,0,0,0,0,"Octopodidae","IBTS Q3","North Sea"
"122",2013,0.0116883116883117,0.476623376623377,2.49762366909419,0.465537085884579,"Octopodidae","IBTS Q3","North Sea"
"123",2014,0.0204795204795205,0.520979020979021,4.37617822362658,0.508861015067717,"Octopodidae","IBTS Q3","North Sea"
"124",2015,0.00949367088607595,0.113924050632911,2.02866057510815,0.11127416980582,"Octopodidae","IBTS Q3","North Sea"
"125",2016,0,0,0,0,"Octopodidae","IBTS Q3","North Sea"
"126",2017,0,0,0,0,"Octopodidae","IBTS Q3","North Sea"
"127",2018,0.0106157112526539,1.87685774946921,2.26842442227239,1.83320191614985,"Octopodidae","IBTS Q3","North Sea"
"128",2019,0,0,0,0,"Octopodidae","IBTS Q3","North Sea"
"129",2020,0,0,0,0,"Octopodidae","IBTS Q3","North Sea"
"130",2021,0,0,0,0,"Octopodidae","IBTS Q3","North Sea"
"131",2022,0,0,0,0,"Octopodidae","IBTS Q3","North Sea"
"132",2023,0.00632911392405063,0.113924050632911,1.35244038340544,0.11127416980582,"Octopodidae","IBTS Q3","North Sea"
"133",2024,0,0,0,0,"Octopodidae","IBTS Q3","North Sea"
"134",2025,0,0,0,0,"Octopodidae","IBTS Q3","North Sea"
"135",2003,0.00854700854700855,0.85042735042735,5.01128404669261,4.50358206594797,"Octopus vulgaris","IBTS Q1","North Sea"
"136",2004,0,0,0,0,"Octopus vulgaris","IBTS Q1","North Sea"
"137",2005,0,0,0,0,"Octopus vulgaris","IBTS Q1","North Sea"
"138",2006,0,0,0,0,"Octopus vulgaris","IBTS Q1","North Sea"
"139",2007,0,0,0,0,"Octopus vulgaris","IBTS Q1","North Sea"
"140",2008,0,0,0,0,"Octopus vulgaris","IBTS Q1","North Sea"
"141",2009,0,0,0,0,"Octopus vulgaris","IBTS Q1","North Sea"
"142",2010,0,0,0,0,"Octopus vulgaris","IBTS Q1","North Sea"
"143",2011,0,0,0,0,"Octopus vulgaris","IBTS Q1","North Sea"
"144",2012,0,0,0,0,"Octopus vulgaris","IBTS Q1","North Sea"
"145",2013,0,0,0,0,"Octopus vulgaris","IBTS Q1","North Sea"
"146",2014,0,0,0,0,"Octopus vulgaris","IBTS Q1","North Sea"
"147",2015,0.0251572327044025,0.0628930817610063,14.7501945525292,0.333060966287989,"Octopus vulgaris","IBTS Q1","North Sea"
"148",2016,0,0,0,0,"Octopus vulgaris","IBTS Q1","North Sea"
"149",2017,0,0,0,0,"Octopus vulgaris","IBTS Q1","North Sea"
"150",2018,0,0,0,0,"Octopus vulgaris","IBTS Q1","North Sea"
"151",2019,0.0123456790123457,4.18518518518519,7.23852140077821,22.163356967764,"Octopus vulgaris","IBTS Q1","North Sea"
"152",2020,0,0,0,0,"Octopus vulgaris","IBTS Q1","North Sea"
"153",2021,0,0,0,0,"Octopus vulgaris","IBTS Q1","North Sea"
"154",2022,0,0,0,0,"Octopus vulgaris","IBTS Q1","North Sea"
"155",2023,0,0,0,0,"Octopus vulgaris","IBTS Q1","North Sea"
"156",2024,0,0,0,0,"Octopus vulgaris","IBTS Q1","North Sea"
"157",2025,0,0,0,0,"Octopus vulgaris","IBTS Q1","North Sea"
"158",2026,0,0,0,0,"Octopus vulgaris","IBTS Q1","North Sea"
"159",2004,0,0,0,0,"Octopus vulgaris","IBTS Q3","North Sea"
"160",2005,0,0,0,0,"Octopus vulgaris","IBTS Q3","North Sea"
"161",2006,0,0,0,0,"Octopus vulgaris","IBTS Q3","North Sea"
"162",2007,0.0134228187919463,0.0536912751677852,4.93469260276605,0.0417427390319251,"Octopus vulgaris","IBTS Q3","North Sea"
"163",2008,0.00666666666666667,6.3,2.45089732604047,4.89798864115851,"Octopus vulgaris","IBTS Q3","North Sea"
"164",2009,0,0,0,0,"Octopus vulgaris","IBTS Q3","North Sea"
"165",2010,0,0,0,0,"Octopus vulgaris","IBTS Q3","North Sea"
"166",2011,0,0,0,0,"Octopus vulgaris","IBTS Q3","North Sea"
"167",2012,0,0,0,0,"Octopus vulgaris","IBTS Q3","North Sea"
"168",2013,0,0,0,0,"Octopus vulgaris","IBTS Q3","North Sea"
"169",2014,0,0,0,0,"Octopus vulgaris","IBTS Q3","North Sea"
"170",2015,0.0506329113924051,27.0886075949367,18.6144100711935,21.0602686198096,"Octopus vulgaris","IBTS Q3","North Sea"
"171",2016,0,0,0,0,"Octopus vulgaris","IBTS Q3","North Sea"
"172",2017,0,0,0,0,"Octopus vulgaris","IBTS Q3","North Sea"
"173",2018,0,0,0,0,"Octopus vulgaris","IBTS Q3","North Sea"
"174",2019,0,0,0,0,"Octopus vulgaris","IBTS Q3","North Sea"
"175",2020,0,0,0,0,"Octopus vulgaris","IBTS Q3","North Sea"
"176",2021,0,0,0,0,"Octopus vulgaris","IBTS Q3","North Sea"
"177",2022,0,0,0,0,"Octopus vulgaris","IBTS Q3","North Sea"
"178",2023,0,0,0,0,"Octopus vulgaris","IBTS Q3","North Sea"
"179",2024,0,0,0,0,"Octopus vulgaris","IBTS Q3","North Sea"
"180",2025,0,0,0,0,"Octopus vulgaris","IBTS Q3","North Sea"
"181",2009,0.0175,0,9.91388124564079,0,"Octopus vulgaris","BTS","North Sea"
"182",2010,0,0,0,0,"Octopus vulgaris","BTS","North Sea"
"183",2011,0.0211488673139159,0,11.9809919445701,0,"Octopus vulgaris","BTS","North Sea"
"184",2012,0,0,0,0,"Octopus vulgaris","BTS","North Sea"
"185",2013,0,0,0,0,"Octopus vulgaris","BTS","North Sea"
"186",2014,0,0,0,0,"Octopus vulgaris","BTS","North Sea"
"187",2015,0,0,0,0,"Octopus vulgaris","BTS","North Sea"
"188",2016,0,0,0,0,"Octopus vulgaris","BTS","North Sea"
"189",2017,0.0072463768115942,2.80434782608696,4.10512680978915,26,"Octopus vulgaris","BTS","North Sea"
"190",2018,0,0,0,0,"Octopus vulgaris","BTS","North Sea"
"191",2019,0,0,0,0,"Octopus vulgaris","BTS","North Sea"
"192",2020,0,0,0,0,"Octopus vulgaris","BTS","North Sea"
"193",2021,0,0,0,0,"Octopus vulgaris","BTS","North Sea"
"194",2022,0,0,0,0,"Octopus vulgaris","BTS","North Sea"
"195",2023,0,0,0,0,"Octopus vulgaris","BTS","North Sea"
"196",2024,0,0,0,0,"Octopus vulgaris","BTS","North Sea"
"197",2025,0,0,0,0,"Octopus vulgaris","BTS","North Sea"
"198",2014,0.0740740740740741,19.9814814814815,4.94192976833129,7.31175976163415,"Eledone cirrhosa","FR-CGFS","English Channel"
"199",2015,0,0,0,0,"Eledone cirrhosa","FR-CGFS","English Channel"
"200",2016,0,0,0,0,"Eledone cirrhosa","FR-CGFS","English Channel"
"201",2017,0.0416666666666667,11.0208333333333,2.77983549468635,4.03281837640642,"Eledone cirrhosa","FR-CGFS","English Channel"
"202",2018,0.0897435897435897,8.01923076923077,5.98733798855521,2.93445152763381,"Eledone cirrhosa","FR-CGFS","English Channel"
"203",2019,0.043956043956044,9.89010989010989,2.9325737086801,3.61905635473851,"Eledone cirrhosa","FR-CGFS","English Channel"
"204",2020,0,0,0,0,"Eledone cirrhosa","FR-CGFS","English Channel"
"205",2021,0.0986042692939244,12.3908045977012,6.5784875450607,4.53412758987406,"Eledone cirrhosa","FR-CGFS","English Channel"
"206",2022,0.0416666666666667,9.75,2.77983549468635,3.56778638971305,"Eledone cirrhosa","FR-CGFS","English Channel"
"207",2023,0,0,0,0,"Eledone cirrhosa","FR-CGFS","English Channel"
"208",2024,0,0,0,0,"Eledone cirrhosa","FR-CGFS","English Channel"
"209",2025,0,0,0,0,"Eledone cirrhosa","FR-CGFS","English Channel"
"210",2009,4.33333333333333,1576.5,14.7869495453735,16.0148866182685,"Eledone cirrhosa","IBTS Q1","English Channel"
"211",2010,0.861024033437827,230.493207941484,2.93813513995365,2.34146691497866,"Eledone cirrhosa","IBTS Q1","English Channel"
"212",2011,0,0,0,0,"Eledone cirrhosa","IBTS Q1","English Channel"
"213",2012,0,0,0,0,"Eledone cirrhosa","IBTS Q1","English Channel"
"214",2013,0,0,0,0,"Eledone cirrhosa","IBTS Q1","English Channel"
"215",2014,0,0,0,0,"Eledone cirrhosa","IBTS Q1","English Channel"
"216",2015,0,0,0,0,"Eledone cirrhosa","IBTS Q1","English Channel"
"217",2016,0,0,0,0,"Eledone cirrhosa","IBTS Q1","English Channel"
"218",2017,0.266666666666667,45.2,0.909966125869139,0.459164525940842,"Eledone cirrhosa","IBTS Q1","English Channel"
"219",2018,0,0,0,0,"Eledone cirrhosa","IBTS Q1","English Channel"
"220",2019,0.4,116.6,1.36494918880371,1.18448194081199,"Eledone cirrhosa","IBTS Q1","English Channel"
"221",2020,0,0,0,0,"Eledone cirrhosa","IBTS Q1","English Channel"
"222",2021,0,0,0,0,"Eledone cirrhosa","IBTS Q1","English Channel"
"223",2022,0,0,0,0,"Eledone cirrhosa","IBTS Q1","English Channel"
"224",2023,0,0,0,0,"Eledone cirrhosa","IBTS Q1","English Channel"
"225",2024,0,0,0,0,"Eledone cirrhosa","IBTS Q1","English Channel"
"226",2025,0,0,0,0,"Eledone cirrhosa","IBTS Q1","English Channel"
"227",2026,0,0,0,0,"Eledone cirrhosa","IBTS Q1","English Channel"
"228",2006,0.412642776953817,178.256606123941,0.186039487513732,0.319823226329133,"Eledone cirrhosa","BTS Q1","English Channel"
"229",2007,0.516883091245809,106.135091067284,0.233036104762949,0.190424736507514,"Eledone cirrhosa","BTS Q1","English Channel"
"230",2008,0.446659039918856,165.164152588177,0.201375677755241,0.296333097007019,"Eledone cirrhosa","BTS Q1","English Channel"
"231",2009,1.72144639642726,603.076885954336,0.776111986590114,1.08202438935887,"Eledone cirrhosa","BTS Q1","English Channel"
"232",2010,3.97462009020515,1343.1521002291,1.79195256997388,2.40984750852568,"Eledone cirrhosa","BTS Q1","English Channel"
"233",2011,2.23788193211861,637.130723758586,1.00894631148283,1.14312287267607,"Eledone cirrhosa","BTS Q1","English Channel"
"234",2012,1.99998114706927,768.916387735022,0.901689035694757,1.37956917979113,"Eledone cirrhosa","BTS Q1","English Channel"
"235",2013,2.68301099601604,852.098912447728,1.20963220143412,1.52881303675834,"Eledone cirrhosa","BTS Q1","English Channel"
"236",2014,1.67406595051497,421.957978916519,0.754750570934749,0.757065699425297,"Eledone cirrhosa","BTS Q1","English Channel"
"237",2015,1.13750840174763,395.084612386276,0.512844261241919,0.708850225267487,"Eledone cirrhosa","BTS Q1","English Channel"
"238",2016,1.22187814502887,352.891999487967,0.550882256036295,0.633149369754673,"Eledone cirrhosa","BTS Q1","English Channel"
"239",2017,3.062978415823,709.078214260528,1.38094004444215,1.2722091323046,"Eledone cirrhosa","BTS Q1","English Channel"
"240",2018,2.63168450786371,574.119991472593,1.18649171749731,1.03007070517853,"Eledone cirrhosa","BTS Q1","English Channel"
"241",2019,5.49275147674939,1100.2150240658,2.47640023489159,1.97397631596246,"Eledone cirrhosa","BTS Q1","English Channel"
"242",2020,4.10168073631942,635.179097274653,1.84923770570499,1.13962131673235,"Eledone cirrhosa","BTS Q1","English Channel"
"243",2021,2.54939623282488,519.191037258669,1.14939215009515,0.931518647346976,"Eledone cirrhosa","BTS Q1","English Channel"
"244",2022,3.92354052834448,755.385185903887,1.76892341245139,1.35529186003371,"Eledone cirrhosa","BTS Q1","English Channel"
"245",2023,2.5603178630547,613.589349569531,1.15431615362617,1.10088556989622,"Eledone cirrhosa","BTS Q1","English Channel"
"246",2024,1.40525296092393,274.962892108024,0.633556565820375,0.493331053400811,"Eledone cirrhosa","BTS Q1","English Channel"
"247",2025,0.606592657246209,141.609548637377,0.273481552050305,0.25407205774314,"Eledone cirrhosa","BTS Q1","English Channel"
"248",2014,0.0615384615384615,2.76923076923077,1.0707002039429,0.664597077765477,"Eledone cirrhosa","BTS Q3","English Channel"
"249",2015,0.35,20.4166666666667,6.08960740992522,4.8998650293589,"Eledone cirrhosa","BTS Q3","English Channel"
"250",2016,0.184615384615385,17.8461538461538,3.21210061182869,4.28295894559974,"Eledone cirrhosa","BTS Q3","English Channel"
"251",2017,0.0333333333333333,5.5,0.579962610469069,1.31996364056199,"Eledone cirrhosa","BTS Q3","English Channel"
"252",2018,0.25952380952381,16.8571428571429,4.51542318150918,4.04560284639778,"Eledone cirrhosa","BTS Q3","English Channel"
"253",2019,0.0333333333333333,2.93333333333333,0.579962610469069,0.703980608299727,"Eledone cirrhosa","BTS Q3","English Channel"
"254",2020,0.292307692307692,20.7692307692308,5.08582596872876,4.98447808324108,"Eledone cirrhosa","BTS Q3","English Channel"
"255",2021,0.222222222222222,17.0777777777778,3.86641740312712,4.09855376877531,"Eledone cirrhosa","BTS Q3","English Channel"
"256",2023,0,0,0,0,"Eledone cirrhosa","BTS Q3","English Channel"
"257",2024,0,0,0,0,"Eledone cirrhosa","BTS Q3","English Channel"
"258",2025,0,0,0,0,"Eledone cirrhosa","BTS Q3","English Channel"
"259",2009,0.0243407707910751,9.73630831643002,20,20,"Octopodidae","BTS Q1","English Channel"
"260",2010,0,0,0,0,"Octopodidae","BTS Q1","English Channel"
"261",2011,0,0,0,0,"Octopodidae","BTS Q1","English Channel"
"262",2012,0,0,0,0,"Octopodidae","BTS Q1","English Channel"
"263",2013,0,0,0,0,"Octopodidae","BTS Q1","English Channel"
"264",2014,0,0,0,0,"Octopodidae","BTS Q1","English Channel"
"265",2015,0,0,0,0,"Octopodidae","BTS Q1","English Channel"
"266",2016,0,0,0,0,"Octopodidae","BTS Q1","English Channel"
"267",2017,0,0,0,0,"Octopodidae","BTS Q1","English Channel"
"268",2018,0,0,0,0,"Octopodidae","BTS Q1","English Channel"
"269",2019,0,0,0,0,"Octopodidae","BTS Q1","English Channel"
"270",2020,0,0,0,0,"Octopodidae","BTS Q1","English Channel"
"271",2021,0,0,0,0,"Octopodidae","BTS Q1","English Channel"
"272",2022,0,0,0,0,"Octopodidae","BTS Q1","English Channel"
"273",2023,0,0,0,0,"Octopodidae","BTS Q1","English Channel"
"274",2024,0,0,0,0,"Octopodidae","BTS Q1","English Channel"
"275",2025,0,0,0,0,"Octopodidae","BTS Q1","English Channel"
"276",2019,0.133333333333333,324.666666666667,8,8,"Octopus vulgaris","FR-WCGFS","English Channel"
"277",2020,0,0,0,0,"Octopus vulgaris","FR-WCGFS","English Channel"
"278",2021,0,0,0,0,"Octopus vulgaris","FR-WCGFS","English Channel"
"279",2022,0,0,0,0,"Octopus vulgaris","FR-WCGFS","English Channel"
"280",2023,0,0,0,0,"Octopus vulgaris","FR-WCGFS","English Channel"
"281",2024,0,0,0,0,"Octopus vulgaris","FR-WCGFS","English Channel"
"282",2025,0,0,0,0,"Octopus vulgaris","FR-WCGFS","English Channel"
"283",2026,0.9,1610.1,20,20,"Octopus vulgaris","IBTS Q1","English Channel"
"284",2008,0.00574712643678161,14.9712643678161,0.194634622186047,0.264580478821705,"Octopus vulgaris","BTS Q1","English Channel"
"285",2009,0,0,0,0,"Octopus vulgaris","BTS Q1","English Channel"
"286",2010,0,0,0,0,"Octopus vulgaris","BTS Q1","English Channel"
"287",2011,0,0,0,0,"Octopus vulgaris","BTS Q1","English Channel"
"288",2012,0,0,0,0,"Octopus vulgaris","BTS Q1","English Channel"
"289",2013,0,0,0,0,"Octopus vulgaris","BTS Q1","English Channel"
"290",2014,0.00694444444444444,1.31944444444444,0.23518350180814,0.0233179532678758,"Octopus vulgaris","BTS Q1","English Channel"
"291",2015,0,0,0,0,"Octopus vulgaris","BTS Q1","English Channel"
"292",2016,0,0,0,0,"Octopus vulgaris","BTS Q1","English Channel"
"293",2017,0,0,0,0,"Octopus vulgaris","BTS Q1","English Channel"
"294",2018,0,0,0,0,"Octopus vulgaris","BTS Q1","English Channel"
"295",2019,0,0,0,0,"Octopus vulgaris","BTS Q1","English Channel"
"296",2020,0,0,0,0,"Octopus vulgaris","BTS Q1","English Channel"
"297",2021,0,0,0,0,"Octopus vulgaris","BTS Q1","English Channel"
"298",2022,0,0,0,0,"Octopus vulgaris","BTS Q1","English Channel"
"299",2023,0.0555555555555556,125.555555555556,1.88146801446512,2.21888734254313,"Octopus vulgaris","BTS Q1","English Channel"
"300",2024,0.0716295006967133,79.1689672473404,2.42583506015352,1.39911785320886,"Octopus vulgaris","BTS Q1","English Channel"
"301",2025,0.450678780967337,910.683103385959,15.2628788013872,16.0940963721584,"Octopus vulgaris","BTS Q1","English Channel"
"302",2008,16.3541691961392,1806.33098517779,1.65074093365431,1.64151763271012,"Eledone cirrhosa","SP-PORC","Celtic Seas"
"303",2009,3.10703752919552,338.283912902436,0.313615077007642,0.307418193259232,"Eledone cirrhosa","SP-PORC","Celtic Seas"
"304",2010,8.7460435072684,1406.04383327856,0.882799477724479,1.27775350344385,"Eledone cirrhosa","SP-PORC","Celtic Seas"
"305",2011,1.92847247968227,305.099702356766,0.194654245254407,0.277261778302468,"Eledone cirrhosa","SP-PORC","Celtic Seas"
"306",2012,11.5346526142528,2325.9519257563,1.16427334201268,2.11372729045516,"Eledone cirrhosa","SP-PORC","Celtic Seas"
"307",2013,11.5591928423256,2185.39126025947,1.16675035925001,1.98599166903702,"Eledone cirrhosa","SP-PORC","Celtic Seas"
"308",2014,0,0,0,0,"Eledone cirrhosa","SP-PORC","Celtic Seas"
"309",2015,27.5349841269841,3968.69282539683,2.77929895800911,3.60658113333413,"Eledone cirrhosa","SP-PORC","Celtic Seas"
"310",2016,89.9121031746032,7950.48134920635,9.07545882405972,7.22506308663619,"Eledone cirrhosa","SP-PORC","Celtic Seas"
"311",2017,30.3373949579832,3079.93781512605,3.0621659270471,2.79891795726601,"Eledone cirrhosa","SP-PORC","Celtic Seas"
"312",2018,13.4642857142857,875.158482142857,1.3590447368146,0.795307223117768,"Eledone cirrhosa","SP-PORC","Celtic Seas"
"313",2019,10.9055803571429,974.363839285714,1.10077666953831,0.885460879532668,"Eledone cirrhosa","SP-PORC","Celtic Seas"
"314",2020,8.0640756302521,1037.88445378151,0.813963679554194,0.943185742578835,"Eledone cirrhosa","SP-PORC","Celtic Seas"
"315",2021,14.2312297077922,1256.45549242424,1.43645777007344,1.14181391032656,"Eledone cirrhosa","SP-PORC","Celtic Seas"
"316",2022,0,0,0,0,"Eledone cirrhosa","SP-PORC","Celtic Seas"
"317",2023,0,0,0,0,"Eledone cirrhosa","SP-PORC","Celtic Seas"
"318",2024,0,0,0,0,"Eledone cirrhosa","SP-PORC","Celtic Seas"
"319",2025,0,0,0,0,"Eledone cirrhosa","SP-PORC","Celtic Seas"
"320",2015,5.74864182879611,679.009243475863,1.50717255350804,0.533931346670958,"Eledone cirrhosa","EVHOE","Celtic Seas"
"321",2016,5.92161512791991,832.948590285502,1.55252250166853,0.654979835388093,"Eledone cirrhosa","EVHOE","Celtic Seas"
"322",2018,15.7246283968395,1692.75861158215,4.12266567297913,1.33108185750795,"Eledone cirrhosa","EVHOE","Celtic Seas"
"323",2019,29.9975321582385,3238.61214811329,7.86471978744589,2.54664654745384,"Eledone cirrhosa","EVHOE","Celtic Seas"
"324",2020,18.7057872987691,2322.62200766419,4.90426261508247,1.82636791512814,"Eledone cirrhosa","EVHOE","Celtic Seas"
"325",2021,14.69706175051,22321.529513312,3.85325938669942,17.5522858154167,"Eledone cirrhosa","EVHOE","Celtic Seas"
"326",2022,4.5594726062468,705.429578426353,1.19539748261653,0.554706682434284,"Eledone cirrhosa","EVHOE","Celtic Seas"
"327",2023,0,0,0,0,"Eledone cirrhosa","EVHOE","Celtic Seas"
"328",2024,0,0,0,0,"Eledone cirrhosa","EVHOE","Celtic Seas"
"329",2025,0,0,0,0,"Eledone cirrhosa","EVHOE","Celtic Seas"
"330",2011,0.193939393939394,0,0.264612237394952,0,"Eledone cirrhosa","SCOWCGFS Q1","Celtic Seas"
"331",2012,0.0833333333333333,0,0.113700570755643,0,"Eledone cirrhosa","SCOWCGFS Q1","Celtic Seas"
"332",2013,0.588869463869464,0,0.803457529710333,0,"Eledone cirrhosa","SCOWCGFS Q1","Celtic Seas"
"333",2014,0.696078431372549,88.1862745098039,0.949734179253021,0.743637272164167,"Eledone cirrhosa","SCOWCGFS Q1","Celtic Seas"
"334",2015,0.405405405405405,46.8468468468468,0.553137911784211,0.395039495571488,"Eledone cirrhosa","SCOWCGFS Q1","Celtic Seas"
"335",2016,1.28518699540205,196.784908222005,1.75351793885932,1.65940327070988,"Eledone cirrhosa","SCOWCGFS Q1","Celtic Seas"
"336",2017,2.53186274509804,279.5,3.45449087031116,2.35690439045339,"Eledone cirrhosa","SCOWCGFS Q1","Celtic Seas"
"337",2018,0.824587864835543,196.597946601043,1.12507333043974,1.65782670303441,"Eledone cirrhosa","SCOWCGFS Q1","Celtic Seas"
"338",2019,0.698412698412698,103.980952380952,0.952919069190154,0.876827059714459,"Eledone cirrhosa","SCOWCGFS Q1","Celtic Seas"
"339",2020,0.653030303030303,107.334343434343,0.890999018103314,0.905104777412651,"Eledone cirrhosa","SCOWCGFS Q1","Celtic Seas"
"340",2021,0.126550868486352,102.912599944858,0.172666871718247,0.867818098901642,"Eledone cirrhosa","SCOWCGFS Q1","Celtic Seas"
"341",2023,0.699537037037037,231.183333333333,0.954453124509873,1.94947053070835,"Eledone cirrhosa","SCOWCGFS Q1","Celtic Seas"
"342",2024,0.258119658119658,51.4957264957265,0.35218022941748,0.434241516520088,"Eledone cirrhosa","SCOWCGFS Q1","Celtic Seas"
"343",2025,1.34134718056491,215.609878054586,1.83014328014044,1.81814621900528,"Eledone cirrhosa","SCOWCGFS Q1","Celtic Seas"
"344",2026,0.60752688172043,158.383512544803,0.82891383841211,1.3355806658042,"Eledone cirrhosa","SCOWCGFS Q1","Celtic Seas"
"345",2011,0.28125,0,0.417336309405136,0,"Eledone cirrhosa","SCOWCGFS Q4","Celtic Seas"
"346",2012,0.333333333333333,0,0.494620811146828,0,"Eledone cirrhosa","SCOWCGFS Q4","Celtic Seas"
"347",2013,0.736842105263158,63.1578947368421,1.0933723193772,0.600870169138251,"Eledone cirrhosa","SCOWCGFS Q4","Celtic Seas"
"348",2014,0.752525252525252,105.252525252525,1.11664395243754,1.00134912530295,"Eledone cirrhosa","SCOWCGFS Q4","Celtic Seas"
"349",2015,0.57463282247765,148.341475095785,0.85267605829646,1.41128781449119,"Eledone cirrhosa","SCOWCGFS Q4","Celtic Seas"
"350",2016,1.54569892473118,219.578136200717,2.29360456781795,2.08901757076812,"Eledone cirrhosa","SCOWCGFS Q4","Celtic Seas"
"351",2017,1.9047619047619,309.264880952381,2.82640463512473,2.94227732100099,"Eledone cirrhosa","SCOWCGFS Q4","Celtic Seas"
"352",2018,1.02916644918837,153.88100631557,1.52714143170796,1.46398968295668,"Eledone cirrhosa","SCOWCGFS Q4","Celtic Seas"
"353",2019,0.321759259259259,58.724537037037,0.477446477426452,0.558692189615157,"Eledone cirrhosa","SCOWCGFS Q4","Celtic Seas"
"354",2020,0.148571428571429,21.0742857142857,0.220459561539729,0.200496069008836,"Eledone cirrhosa","SCOWCGFS Q4","Celtic Seas"
"355",2021,0.914841975693903,167.211334754945,1.35749964026666,1.59081146410391,"Eledone cirrhosa","SCOWCGFS Q4","Celtic Seas"
"356",2022,0.695987654320988,157.385802469136,1.03274993438528,1.49733353436849,"Eledone cirrhosa","SCOWCGFS Q4","Celtic Seas"
"357",2023,0.323529411764706,69.3921568627451,0.480073140230745,0.660181552990607,"Eledone cirrhosa","SCOWCGFS Q4","Celtic Seas"
"358",2024,0.0984848484848485,10.1818181818182,0.146137966929745,0.0968675545398635,"Eledone cirrhosa","SCOWCGFS Q4","Celtic Seas"
"359",2025,0.447368421052632,93.2149122807018,0.663833193907586,0.886825951714948,"Eledone cirrhosa","SCOWCGFS Q4","Celtic Seas"
"360",2011,0.49025974025974,0,0.862764535705114,0,"Eledone cirrhosa","SCOROC","Celtic Seas"
"361",2012,0.36969696969697,0,0.650596833105667,0,"Eledone cirrhosa","SCOROC","Celtic Seas"
"362",2013,0.455555555555556,11.9444444444444,0.801691726040043,0.813241126977278,"Eledone cirrhosa","SCOROC","Celtic Seas"
"363",2014,0.585011762431117,25.5891850085398,1.02951019663272,1.74224743156256,"Eledone cirrhosa","SCOROC","Celtic Seas"
"364",2015,0.733952427500815,18.9916096448354,1.2916176331487,1.29304950954518,"Eledone cirrhosa","SCOROC","Celtic Seas"
"365",2016,0.259064249533458,5.45167955211943,0.455904143481394,0.371179257729873,"Eledone cirrhosa","SCOROC","Celtic Seas"
"366",2017,0.703608058608059,11.6685897435897,1.23821727576844,0.794459475905227,"Eledone cirrhosa","SCOROC","Celtic Seas"
"367",2018,1.54206349206349,7.15026455026455,2.71374045940035,0.486827933110562,"Eledone cirrhosa","SCOROC","Celtic Seas"
"368",2019,0.441414141414141,9.23383838383838,0.776805508380263,0.628688690254781,"Eledone cirrhosa","SCOROC","Celtic Seas"
"369",2020,1.03068783068783,75.0570546737213,1.81381589120326,5.11028235882856,"Eledone cirrhosa","SCOROC","Celtic Seas"
"370",2021,0.184069076572825,0.812088400244322,0.323926805213264,0.055291285324454,"Eledone cirrhosa","SCOROC","Celtic Seas"
"371",2022,0.287950937950938,12.513924963925,0.506739258572349,0.852014381071096,"Eledone cirrhosa","SCOROC","Celtic Seas"
"372",2023,0.268518518518518,1.01851851851852,0.472541871039862,0.0693461426104656,"Eledone cirrhosa","SCOROC","Celtic Seas"
"373",2024,0.897619047619048,33.1952380952381,1.57963996890468,2.26010786557818,"Eledone cirrhosa","SCOROC","Celtic Seas"
"374",2025,0.274170274170274,7.68542568542569,0.48248789340389,0.52326454150178,"Eledone cirrhosa","SCOROC","Celtic Seas"
"375",2006,1.05,438.25,0.282293720101959,0.654076426371298,"Eledone cirrhosa","BTS Q1","Celtic Seas"
"376",2007,1.55440568886064,378.265533132051,0.417903775672493,0.564551210793944,"Eledone cirrhosa","BTS Q1","Celtic Seas"
"377",2008,0.450367647058824,96.5992647058824,0.121081865239811,0.14417182395646,"Eledone cirrhosa","BTS Q1","Celtic Seas"
"378",2009,1.06229915956001,260.471588802373,0.285600363441312,0.388746893268934,"Eledone cirrhosa","BTS Q1","Celtic Seas"
"379",2010,12.8823209199495,2523.23016209088,3.46342694860937,3.7658536619114,"Eledone cirrhosa","BTS Q1","Celtic Seas"
"380",2011,4.25740300670779,835.199316580713,1.14460774546362,1.24651268521817,"Eledone cirrhosa","BTS Q1","Celtic Seas"
"381",2012,4.52155172413793,839.745689655172,1.21562443508602,1.25329802567109,"Eledone cirrhosa","BTS Q1","Celtic Seas"
"382",2013,4.67766189667718,1245.408662786,1.25759483637351,1.85873918431699,"Eledone cirrhosa","BTS Q1","Celtic Seas"
"383",2014,1.34956530436889,272.454326778283,0.362832200276976,0.406630809831232,"Eledone cirrhosa","BTS Q1","Celtic Seas"
"384",2015,1.59412248358247,339.214338331075,0.428581682084447,0.506268344984585,"Eledone cirrhosa","BTS Q1","Celtic Seas"
"385",2016,3.34107465610477,536.585101000415,0.898251803628749,0.800838939661001,"Eledone cirrhosa","BTS Q1","Celtic Seas"
"386",2017,3.44091822970606,569.608907007147,0.925094864409876,0.850126088589837,"Eledone cirrhosa","BTS Q1","Celtic Seas"
"387",2018,5.05676677790137,915.897506488691,1.35951762421121,1.36695257950144,"Eledone cirrhosa","BTS Q1","Celtic Seas"
"388",2019,5.56928605445584,762.067982454881,1.49730902726124,1.1373661212004,"Eledone cirrhosa","BTS Q1","Celtic Seas"
"389",2020,6.27654183660858,742.816431837845,1.68745556612554,1.10863369580462,"Eledone cirrhosa","BTS Q1","Celtic Seas"
"390",2021,6.06308019373079,860.251158153873,1.63006615539502,1.28390189003321,"Eledone cirrhosa","BTS Q1","Celtic Seas"
"391",2022,3.35108968813085,510.167161043134,0.900944356626446,0.761410869474236,"Eledone cirrhosa","BTS Q1","Celtic Seas"
"392",2023,2.34728334477475,455.97295402478,0.631069854790315,0.680527462157427,"Eledone cirrhosa","BTS Q1","Celtic Seas"
"393",2024,2.51943482118426,407.926288140785,0.677352979263351,0.608819095881422,"Eledone cirrhosa","BTS Q1","Celtic Seas"
"394",2025,3.02542934864864,410.442310019152,0.813390195938735,0.612574191372294,"Eledone cirrhosa","BTS Q1","Celtic Seas"
"395",2018,0.0625,0.25,25,25,"Octopodidae","EVHOE","Celtic Seas"
"396",2019,0,0,0,0,"Octopodidae","EVHOE","Celtic Seas"
"397",2020,0,0,0,0,"Octopodidae","EVHOE","Celtic Seas"
"398",2021,0,0,0,0,"Octopodidae","EVHOE","Celtic Seas"
"399",2022,0,0,0,0,"Octopodidae","EVHOE","Celtic Seas"
"400",2023,0,0,0,0,"Octopodidae","EVHOE","Celtic Seas"
"401",2024,0,0,0,0,"Octopodidae","EVHOE","Celtic Seas"
"402",2025,0,0,0,0,"Octopodidae","EVHOE","Celtic Seas"
"403",2018,0.03125,2.71875,5.78902229845626,0.39589976606689,"Octopus vulgaris","EVHOE","Celtic Seas"
"404",2019,0,0,0,0,"Octopus vulgaris","EVHOE","Celtic Seas"
"405",2020,0,0,0,0,"Octopus vulgaris","EVHOE","Celtic Seas"
"406",2021,0,0,0,0,"Octopus vulgaris","EVHOE","Celtic Seas"
"407",2022,0.103703703703704,168.962962962963,19.2109777015437,24.6041002339331,"Octopus vulgaris","EVHOE","Celtic Seas"
"408",2023,0,0,0,0,"Octopus vulgaris","EVHOE","Celtic Seas"
"409",2024,0,0,0,0,"Octopus vulgaris","EVHOE","Celtic Seas"
"410",2025,0,0,0,0,"Octopus vulgaris","EVHOE","Celtic Seas"
"411",2007,0.517241379310345,58.8362068965517,13.1021341820598,5.13540298964258,"Octopus vulgaris","BTS Q1","Celtic Seas"
"412",2008,0,0,0,0,"Octopus vulgaris","BTS Q1","Celtic Seas"
"413",2009,0,0,0,0,"Octopus vulgaris","BTS Q1","Celtic Seas"
"414",2010,0,0,0,0,"Octopus vulgaris","BTS Q1","Celtic Seas"
"415",2011,0,0,0,0,"Octopus vulgaris","BTS Q1","Celtic Seas"
"416",2012,0,0,0,0,"Octopus vulgaris","BTS Q1","Celtic Seas"
"417",2013,0,0,0,0,"Octopus vulgaris","BTS Q1","Celtic Seas"
"418",2014,0,0,0,0,"Octopus vulgaris","BTS Q1","Celtic Seas"
"419",2015,0.0357142857142857,21.9642857142857,0.90467116971365,1.91710962470487,"Octopus vulgaris","BTS Q1","Celtic Seas"
"420",2016,0,0,0,0,"Octopus vulgaris","BTS Q1","Celtic Seas"
"421",2017,0,0,0,0,"Octopus vulgaris","BTS Q1","Celtic Seas"
"422",2018,0,0,0,0,"Octopus vulgaris","BTS Q1","Celtic Seas"
"423",2019,0.032258064516129,57.9838709677419,0.817122346838135,5.06100851882488,"Octopus vulgaris","BTS Q1","Celtic Seas"
"424",2020,0,0,0,0,"Octopus vulgaris","BTS Q1","Celtic Seas"
"425",2021,0,0,0,0,"Octopus vulgaris","BTS Q1","Celtic Seas"
"426",2022,0,0,0,0,"Octopus vulgaris","BTS Q1","Celtic Seas"
"427",2023,0.111749680715198,80.0766283524904,2.83070800229686,6.989331541459,"Octopus vulgaris","BTS Q1","Celtic Seas"
"428",2024,0.0625,1.75,1.58317454699889,0.152745319691933,"Octopus vulgaris","BTS Q1","Celtic Seas"
"429",2025,0.0300894551368935,8.52859853618867,0.762189752092714,0.744402005676737,"Octopus vulgaris","BTS Q1","Celtic Seas"
"430",2015,1.33568569065343,202.955371381307,0.386429010973779,0.5388756934125,"Eledone cirrhosa","EVHOE","Bay of Biscay"
"431",2016,1.64210295479113,144.254679203711,0.475078998882307,0.383016915269765,"Eledone cirrhosa","EVHOE","Bay of Biscay"
"432",2017,8.78494623655914,1203.4376344086,2.54158452801169,3.19529995834525,"Eledone cirrhosa","EVHOE","Bay of Biscay"
"433",2018,13.8514473127055,1518.67764067241,4.00738072067363,4.03230750246988,"Eledone cirrhosa","EVHOE","Bay of Biscay"
"434",2019,10.8529012973713,1764.36431711601,3.13986736841327,4.68464095503969,"Eledone cirrhosa","EVHOE","Bay of Biscay"
"435",2020,32.8568146310082,2868.56734675122,9.50584892123674,7.61645876904046,"Eledone cirrhosa","EVHOE","Bay of Biscay"
"436",2021,8.87854582693292,895.704864311316,2.56866395050516,2.37822520568759,"Eledone cirrhosa","EVHOE","Bay of Biscay"
"437",2022,11.6661398539663,1194.35151345116,3.37514650130343,3.17117500073487,"Eledone cirrhosa","EVHOE","Bay of Biscay"
"438",2023,0,0,0,0,"Eledone cirrhosa","EVHOE","Bay of Biscay"
"439",2024,0,0,0,0,"Eledone cirrhosa","EVHOE","Bay of Biscay"
"440",2025,0,0,0,0,"Eledone cirrhosa","EVHOE","Bay of Biscay"
"441",2001,31.7385912698413,1245.19642857143,2.96403999323652,1.22248159590666,"Eledone cirrhosa","SP-NORTH","Bay of Biscay"
"442",2002,0,0,0,0,"Eledone cirrhosa","SP-NORTH","Bay of Biscay"
"443",2003,0,0,0,0,"Eledone cirrhosa","SP-NORTH","Bay of Biscay"
"444",2004,0,0,0,0,"Eledone cirrhosa","SP-NORTH","Bay of Biscay"
"445",2005,0,0,0,0,"Eledone cirrhosa","SP-NORTH","Bay of Biscay"
"446",2006,0,0,0,0,"Eledone cirrhosa","SP-NORTH","Bay of Biscay"
"447",2007,8.96277086048077,2316.76026814316,0.837025533200762,2.27449800284288,"Eledone cirrhosa","SP-NORTH","Bay of Biscay"
"448",2008,6.71534776074716,537.349227756798,0.627140605016698,0.527546920658117,"Eledone cirrhosa","SP-NORTH","Bay of Biscay"
"449",2009,41.3617706816777,2035.23293971354,3.86274051829345,1.99810628676253,"Eledone cirrhosa","SP-NORTH","Bay of Biscay"
"450",2010,5.85038488331592,1303.88506095437,0.546362458955523,1.28009963217054,"Eledone cirrhosa","SP-NORTH","Bay of Biscay"
"451",2011,20.0132487953623,799.685145284834,1.86902025107881,0.785097314929036,"Eledone cirrhosa","SP-NORTH","Bay of Biscay"
"452",2012,8.90824684687866,1306.29307984769,0.831933582032091,1.28246372406169,"Eledone cirrhosa","SP-NORTH","Bay of Biscay"
"453",2013,15.9425574923315,2288.24070900538,1.48886185905313,2.24649869657333,"Eledone cirrhosa","SP-NORTH","Bay of Biscay"
"454",2014,15.8832559450674,1958.53302864441,1.48332373808685,1.9228055329712,"Eledone cirrhosa","SP-NORTH","Bay of Biscay"
"455",2015,19.2126577357281,1967.44031721662,1.79425373422845,1.93155033507559,"Eledone cirrhosa","SP-NORTH","Bay of Biscay"
"456",2016,17.7207463686871,1948.97473419172,1.65492540296519,1.91342160061438,"Eledone cirrhosa","SP-NORTH","Bay of Biscay"
"457",2017,29.6549374562271,2787.10684891649,2.76944933913018,2.73626453661995,"Eledone cirrhosa","SP-NORTH","Bay of Biscay"
"458",2018,8.48599678655296,1189.62704969607,0.792500008710859,1.16792591182955,"Eledone cirrhosa","SP-NORTH","Bay of Biscay"
"459",2019,15.2600737156799,2310.18616165938,1.42512528071757,2.26804382099529,"Eledone cirrhosa","SP-NORTH","Bay of Biscay"
"460",2020,20.5299773036258,1301.55844327592,1.91727708614489,1.27781545657594,"Eledone cirrhosa","SP-NORTH","Bay of Biscay"
"461",2021,12.164374930895,1187.03447562819,1.13602060914901,1.16538063141332,"Eledone cirrhosa","SP-NORTH","Bay of Biscay"
"462",2022,0,0,0,0,"Eledone cirrhosa","SP-NORTH","Bay of Biscay"
"463",2023,0,0,0,0,"Eledone cirrhosa","SP-NORTH","Bay of Biscay"
"464",2024,0,0,0,0,"Eledone cirrhosa","SP-NORTH","Bay of Biscay"
"465",2025,0,0,0,0,"Eledone cirrhosa","SP-NORTH","Bay of Biscay"
"466",2021,0.195238095238095,4.08095238095238,26,26,"Eledone moschata","EVHOE","Bay of Biscay"
"467",2022,0,0,0,0,"Eledone moschata","EVHOE","Bay of Biscay"
"468",2023,0,0,0,0,"Eledone moschata","EVHOE","Bay of Biscay"
"469",2024,0,0,0,0,"Eledone moschata","EVHOE","Bay of Biscay"
"470",2025,0,0,0,0,"Eledone moschata","EVHOE","Bay of Biscay"
"471",2018,0.0148883374689826,2.09925558312655,26,26,"Octopodidae","EVHOE","Bay of Biscay"
"472",2019,0,0,0,0,"Octopodidae","EVHOE","Bay of Biscay"
"473",2020,0,0,0,0,"Octopodidae","EVHOE","Bay of Biscay"
"474",2021,0,0,0,0,"Octopodidae","EVHOE","Bay of Biscay"
"475",2022,0,0,0,0,"Octopodidae","EVHOE","Bay of Biscay"
"476",2023,0,0,0,0,"Octopodidae","EVHOE","Bay of Biscay"
"477",2024,0,0,0,0,"Octopodidae","EVHOE","Bay of Biscay"
"478",2025,0,0,0,0,"Octopodidae","EVHOE","Bay of Biscay"
"479",2015,0.02,27.98,0.736687046237416,0.756550225320357,"Octopus vulgaris","EVHOE","Bay of Biscay"
"480",2016,0.0684348864994026,29.8798566308244,2.52075471974189,0.807920381221949,"Octopus vulgaris","EVHOE","Bay of Biscay"
"481",2017,0,0,0,0,"Octopus vulgaris","EVHOE","Bay of Biscay"
"482",2018,0.0153846153846154,21.3846153846154,0.566682343259551,0.57821785516869,"Octopus vulgaris","EVHOE","Bay of Biscay"
"483",2019,0.147550776583035,240.640382317802,5.43493728854963,6.50666674280592,"Octopus vulgaris","EVHOE","Bay of Biscay"
"484",2020,0.0547590601354042,9.37116686579052,2.0170145132944,0.253386647742262,"Octopus vulgaris","EVHOE","Bay of Biscay"
"485",2021,0.151209677419355,337.003456221198,5.56971053102885,9.11222447240481,"Octopus vulgaris","EVHOE","Bay of Biscay"
"486",2022,0.230666666666667,257.458666666667,8.49645726660486,6.9614157354305,"Octopus vulgaris","EVHOE","Bay of Biscay"
"487",2023,0,0,0,0,"Octopus vulgaris","EVHOE","Bay of Biscay"
"488",2024,0,0,0,0,"Octopus vulgaris","EVHOE","Bay of Biscay"
"489",2025,0.0178571428571429,37.8571428571429,0.657756291283407,1.02361793990552,"Octopus vulgaris","EVHOE","Bay of Biscay"
"490",2001,0.841666666666667,282.5,1.10060972557922,0.599771485161641,"Octopus vulgaris","SP-NORTH","Bay of Biscay"
"491",2002,0,0,0,0,"Octopus vulgaris","SP-NORTH","Bay of Biscay"
"492",2003,0,0,0,0,"Octopus vulgaris","SP-NORTH","Bay of Biscay"
"493",2004,0,0,0,0,"Octopus vulgaris","SP-NORTH","Bay of Biscay"
"494",2005,0,0,0,0,"Octopus vulgaris","SP-NORTH","Bay of Biscay"
"495",2006,0,0,0,0,"Octopus vulgaris","SP-NORTH","Bay of Biscay"
"496",2007,1.34262125566005,1449.49073167015,1.75568555851347,3.07739188977642,"Octopus vulgaris","SP-NORTH","Bay of Biscay"
"497",2008,2.13836198523699,1063.02780205905,2.79623999733946,2.2568982782622,"Octopus vulgaris","SP-NORTH","Bay of Biscay"
"498",2009,0.240177867605272,207.061763277054,0.314069818164643,0.439609703649086,"Octopus vulgaris","SP-NORTH","Bay of Biscay"
"499",2010,3.74628526645768,1517.17258794845,4.89884910779104,3.22108621706327,"Octopus vulgaris","SP-NORTH","Bay of Biscay"
"500",2011,1.55565076047835,473.66225473122,2.03425468109368,1.00562518224834,"Octopus vulgaris","SP-NORTH","Bay of Biscay"
"501",2012,0.787013142174433,744.433859020311,1.02914176447823,1.58049628753707,"Octopus vulgaris","SP-NORTH","Bay of Biscay"
"502",2013,1.66639890282132,1344.00553487461,2.17907505640358,2.85343786094588,"Octopus vulgaris","SP-NORTH","Bay of Biscay"
"503",2014,0.613577814267469,482.685860244481,0.802348170038515,1.02478306288622,"Octopus vulgaris","SP-NORTH","Bay of Biscay"
"504",2015,1.11404500671742,330.480754590237,1.45678665638752,0.701638700877616,"Octopus vulgaris","SP-NORTH","Bay of Biscay"
"505",2016,2.16499279034318,2042.47905285708,2.83106390597299,4.33635644227836,"Octopus vulgaris","SP-NORTH","Bay of Biscay"
"506",2017,1.27539202508961,445.148655913978,1.66777291097798,0.94508839106278,"Octopus vulgaris","SP-NORTH","Bay of Biscay"
"507",2018,0.416565656565657,423.576161616162,0.544724213415986,0.899288154094133,"Octopus vulgaris","SP-NORTH","Bay of Biscay"
"508",2019,1.15126436781609,853.614559386973,1.50545674447272,1.81229618420929,"Octopus vulgaris","SP-NORTH","Bay of Biscay"
"509",2020,0.181929641239986,187.96851271334,0.237901226756278,0.399073111623734,"Octopus vulgaris","SP-NORTH","Bay of Biscay"
"510",2021,0.646975223052809,399.022689594888,0.846020462614702,0.847159048323959,"Octopus vulgaris","SP-NORTH","Bay of Biscay"
"511",2022,0,0,0,0,"Octopus vulgaris","SP-NORTH","Bay of Biscay"
"512",2023,0,0,0,0,"Octopus vulgaris","SP-NORTH","Bay of Biscay"
"513",2024,0,0,0,0,"Octopus vulgaris","SP-NORTH","Bay of Biscay"
"514",2025,0,0,0,0,"Octopus vulgaris","SP-NORTH","Bay of Biscay"
"515",2002,0.296296296296296,25.7222222222222,0.0465067517191765,0.0412566740928023,"Eledone cirrhosa","PT-IBTS","Western Iberia & Gulf of Cadiz"
"516",2003,57.6920094094886,5365.09586378226,9.05535435753276,8.60524450867542,"Eledone cirrhosa","PT-IBTS","Western Iberia & Gulf of Cadiz"
"517",2004,44.0145299145299,4561.10227920228,6.90853324985318,7.31569413448327,"Eledone cirrhosa","PT-IBTS","Western Iberia & Gulf of Cadiz"
"518",2005,1.14047619047619,93.0892857142857,0.179009470233366,0.149308807344339,"Eledone cirrhosa","PT-IBTS","Western Iberia & Gulf of Cadiz"
"519",2006,0.341842105263158,52.4097368421053,0.0536556349686408,0.0840616107544642,"Eledone cirrhosa","PT-IBTS","Western Iberia & Gulf of Cadiz"
"520",2007,0.596666666666667,60.425,0.0936529712744918,0.0969175412031025,"Eledone cirrhosa","PT-IBTS","Western Iberia & Gulf of Cadiz"
"521",2008,0.0510204081632653,2.2312925170068,0.00800817791082759,0.00357883962686274,"Eledone cirrhosa","PT-IBTS","Western Iberia & Gulf of Cadiz"
"522",2009,0.299248120300752,23.0022556390977,0.0469700708622435,0.0368940348972537,"Eledone cirrhosa","PT-IBTS","Western Iberia & Gulf of Cadiz"
"523",2010,0.308571428571429,34.2285714285714,0.0484334600046853,0.0549002727637883,"Eledone cirrhosa","PT-IBTS","Western Iberia & Gulf of Cadiz"
"524",2011,0.0698412698412698,5.45396825396825,0.0109623057623773,0.00874778970582344,"Eledone cirrhosa","PT-IBTS","Western Iberia & Gulf of Cadiz"
"525",2013,0.16955266955267,15.8997113997114,0.0266130356834574,0.0255020427753243,"Eledone cirrhosa","PT-IBTS","Western Iberia & Gulf of Cadiz"
"526",2014,1.80793650793651,115.976984126984,0.283774233257904,0.186019100334937,"Eledone cirrhosa","PT-IBTS","Western Iberia & Gulf of Cadiz"
"527",2015,0.721969696969697,103.290707070707,0.113320570879369,0.165671185079402,"Eledone cirrhosa","PT-IBTS","Western Iberia & Gulf of Cadiz"
"528",2016,1.91256723074905,170.694477239932,0.300197101545042,0.27378219331474,"Eledone cirrhosa","PT-IBTS","Western Iberia & Gulf of Cadiz"
"529",2017,0.198393650793651,16.226,0.0311399243779095,0.0260253872331244,"Eledone cirrhosa","PT-IBTS","Western Iberia & Gulf of Cadiz"
"530",2018,0.102564102564103,6.97435897435897,0.016098490979715,0.0111863917792745,"Eledone cirrhosa","PT-IBTS","Western Iberia & Gulf of Cadiz"
"531",2021,1.99173641951797,199.880891917065,0.312623520139902,0.320595193679521,"Eledone cirrhosa","PT-IBTS","Western Iberia & Gulf of Cadiz"
"532",2022,4.77086466165414,437.184210526316,0.74883628678053,0.701213384146133,"Eledone cirrhosa","PT-IBTS","Western Iberia & Gulf of Cadiz"
"533",2023,4.56364090361344,557.007010314491,0.716310386234422,0.893400908110412,"Eledone cirrhosa","PT-IBTS","Western Iberia & Gulf of Cadiz"
"534",2001,178.414285714286,3817.41785714286,5.3291676184834,1.76293798446792,"Eledone cirrhosa","SP-NORTH","Western Iberia & Gulf of Cadiz"
"535",2002,0,0,0,0,"Eledone cirrhosa","SP-NORTH","Western Iberia & Gulf of Cadiz"
"536",2003,0,0,0,0,"Eledone cirrhosa","SP-NORTH","Western Iberia & Gulf of Cadiz"
"537",2004,0,0,0,0,"Eledone cirrhosa","SP-NORTH","Western Iberia & Gulf of Cadiz"
"538",2005,0,0,0,0,"Eledone cirrhosa","SP-NORTH","Western Iberia & Gulf of Cadiz"
"539",2006,0,0,0,0,"Eledone cirrhosa","SP-NORTH","Western Iberia & Gulf of Cadiz"
"540",2007,151.625,10811.5625,4.52898172877558,4.99293368344131,"Eledone cirrhosa","SP-NORTH","Western Iberia & Gulf of Cadiz"
"541",2008,7.47360769020252,503.105210043788,0.223233851125895,0.232341157861544,"Eledone cirrhosa","SP-NORTH","Western Iberia & Gulf of Cadiz"
"542",2009,51.7118055555556,1077.60416666667,1.54461218481851,0.497652965625154,"Eledone cirrhosa","SP-NORTH","Western Iberia & Gulf of Cadiz"
"543",2010,20.1617422135706,1127.01088014461,0.60222365774473,0.520469690211645,"Eledone cirrhosa","SP-NORTH","Western Iberia & Gulf of Cadiz"
"544",2011,19.8611111111111,522.888888888889,0.593243919771831,0.241477542772429,"Eledone cirrhosa","SP-NORTH","Western Iberia & Gulf of Cadiz"
"545",2012,19.125,1840.01785714286,0.571256557710357,0.849746476243566,"Eledone cirrhosa","SP-NORTH","Western Iberia & Gulf of Cadiz"
"546",2013,85.5267857142857,12961.5803571429,2.55465292544702,5.98584257879561,"Eledone cirrhosa","SP-NORTH","Western Iberia & Gulf of Cadiz"
"547",2014,73.4376026272578,4150.0622605364,2.19355357298554,1.91655791186619,"Eledone cirrhosa","SP-NORTH","Western Iberia & Gulf of Cadiz"
"548",2015,63.1017600574713,5082.85057471264,1.88482584239979,2.34733285243292,"Eledone cirrhosa","SP-NORTH","Western Iberia & Gulf of Cadiz"
"549",2016,68.6868842364532,4809.10899014778,2.05165140124267,2.22091508644096,"Eledone cirrhosa","SP-NORTH","Western Iberia & Gulf of Cadiz"
"550",2017,35.4905053233752,2476.69664706817,1.06008804718601,1.14377381741195,"Eledone cirrhosa","SP-NORTH","Western Iberia & Gulf of Cadiz"
"551",2018,20.0073891625616,2078.02493842365,0.597613190158245,0.959661539216601,"Eledone cirrhosa","SP-NORTH","Western Iberia & Gulf of Cadiz"
"552",2019,17.7946428571429,1714.96428571429,0.531519290157209,0.791994954294694,"Eledone cirrhosa","SP-NORTH","Western Iberia & Gulf of Cadiz"
"553",2020,27.2456896551724,1407.61730295566,0.81381850378345,0.650057736365318,"Eledone cirrhosa","SP-NORTH","Western Iberia & Gulf of Cadiz"
"554",2021,30.7857142857143,1919.17857142857,0.919557708209763,0.886304022552198,"Eledone cirrhosa","SP-NORTH","Western Iberia & Gulf of Cadiz"
"555",2022,0,0,0,0,"Eledone cirrhosa","SP-NORTH","Western Iberia & Gulf of Cadiz"
"556",2023,0,0,0,0,"Eledone cirrhosa","SP-NORTH","Western Iberia & Gulf of Cadiz"
"557",2024,0,0,0,0,"Eledone cirrhosa","SP-NORTH","Western Iberia & Gulf of Cadiz"
"558",2025,0,0,0,0,"Eledone cirrhosa","SP-NORTH","Western Iberia & Gulf of Cadiz"
"559",2000,3.21678321678322,258.018648018648,0.350279981316791,0.686244020935729,"Eledone cirrhosa","SP-ARSA Q1","Western Iberia & Gulf of Cadiz"
"560",2001,4.90416666666667,322.8375,0.534021503038137,0.858640667293267,"Eledone cirrhosa","SP-ARSA Q1","Western Iberia & Gulf of Cadiz"
"561",2004,26.8253968253968,1697.51746031746,2.92105462680569,4.51483339100618,"Eledone cirrhosa","SP-ARSA Q1","Western Iberia & Gulf of Cadiz"
"562",2005,9.04052823315118,565.310109289617,0.984435644926309,1.50353738171082,"Eledone cirrhosa","SP-ARSA Q1","Western Iberia & Gulf of Cadiz"
"563",2007,0.344444444444444,59.6444444444444,0.0375070327820612,0.158634438620402,"Eledone cirrhosa","SP-ARSA Q1","Western Iberia & Gulf of Cadiz"
"564",2008,1.38390313390313,166.899572649573,0.150695129643393,0.443897503947931,"Eledone cirrhosa","SP-ARSA Q1","Western Iberia & Gulf of Cadiz"
"565",2009,0.148571428571429,40.0114285714286,0.0161781487023084,0.106417128517995,"Eledone cirrhosa","SP-ARSA Q1","Western Iberia & Gulf of Cadiz"
"566",2010,0.197916666666667,32.0885416666667,0.021551420046144,0.0853448773117574,"Eledone cirrhosa","SP-ARSA Q1","Western Iberia & Gulf of Cadiz"
"567",2011,0.561507936507937,39.453373015873,0.0611433771735214,0.104932885842938,"Eledone cirrhosa","SP-ARSA Q1","Western Iberia & Gulf of Cadiz"
"568",2012,2.1974358974359,229.971978021978,0.239281839411115,0.61164918160853,"Eledone cirrhosa","SP-ARSA Q1","Western Iberia & Gulf of Cadiz"
"569",2013,11.4781004709576,485.292787371359,1.24986626314838,1.29071784653627,"Eledone cirrhosa","SP-ARSA Q1","Western Iberia & Gulf of Cadiz"
"570",2014,4.01698717948718,380.566666666667,0.43741529949526,1.01218110230763,"Eledone cirrhosa","SP-ARSA Q1","Western Iberia & Gulf of Cadiz"
"571",2015,44.1731324231324,1165.59168609169,4.81007359126671,3.10008726723893,"Eledone cirrhosa","SP-ARSA Q1","Western Iberia & Gulf of Cadiz"
"572",2016,43.6294198671204,908.407535245503,4.75086797773083,2.41606273198569,"Eledone cirrhosa","SP-ARSA Q1","Western Iberia & Gulf of Cadiz"
"573",2017,18.3368055555556,451.244841269841,1.99672016252082,1.20016160334714,"Eledone cirrhosa","SP-ARSA Q1","Western Iberia & Gulf of Cadiz"
"574",2018,4.55952380952381,178.340952380952,0.496492864822446,0.474327779016061,"Eledone cirrhosa","SP-ARSA Q1","Western Iberia & Gulf of Cadiz"
"575",2019,2.27875816993464,207.795424836601,0.248137134335211,0.552666905926936,"Eledone cirrhosa","SP-ARSA Q1","Western Iberia & Gulf of Cadiz"
"576",2020,0.473611111111111,73.5277777777778,0.0515721700753341,0.195559500292569,"Eledone cirrhosa","SP-ARSA Q1","Western Iberia & Gulf of Cadiz"
"577",2022,7.42166666666667,283.728333333333,0.808155566025089,0.754623256168629,"Eledone cirrhosa","SP-ARSA Q1","Western Iberia & Gulf of Cadiz"
"578",2023,7.05771221532091,265.64377731769,0.768524061560501,0.706524335674653,"Eledone cirrhosa","SP-ARSA Q1","Western Iberia & Gulf of Cadiz"
"579",2024,0.606349206349206,83.8285714285714,0.066026205173951,0.222956194709939,"Eledone cirrhosa","SP-ARSA Q1","Western Iberia & Gulf of Cadiz"
"580",2002,2.26865871833085,114.313953055142,0.27833060559763,0.59689239107568,"Eledone cirrhosa","SP-ARSA Q4","Western Iberia & Gulf of Cadiz"
"581",2003,28.4155303030303,421.409713203463,3.48616197478974,2.20039850441703,"Eledone cirrhosa","SP-ARSA Q4","Western Iberia & Gulf of Cadiz"
"582",2004,12.5922619047619,336.928571428571,1.54488282150036,1.75927868162081,"Eledone cirrhosa","SP-ARSA Q4","Western Iberia & Gulf of Cadiz"
"583",2006,0.728174603174603,46.1646825396825,0.0893361688317389,0.241049731969893,"Eledone cirrhosa","SP-ARSA Q4","Western Iberia & Gulf of Cadiz"
"584",2007,2.32900432900433,80.7727272727273,0.285734112448703,0.421756268828055,"Eledone cirrhosa","SP-ARSA Q4","Western Iberia & Gulf of Cadiz"
"585",2008,0.0125,0.7,0.00153356366114429,0.00365506276868433,"Eledone cirrhosa","SP-ARSA Q4","Western Iberia & Gulf of Cadiz"
"586",2009,0.45347687400319,31.2243062200957,0.055634852411248,0.1630382844901,"Eledone cirrhosa","SP-ARSA Q4","Western Iberia & Gulf of Cadiz"
"587",2010,0.755404725992961,40.0859728506787,0.0926768989791572,0.209309638447152,"Eledone cirrhosa","SP-ARSA Q4","Western Iberia & Gulf of Cadiz"
"588",2011,14.5339105339105,282.7886002886,1.78309416393019,1.47658583474745,"Eledone cirrhosa","SP-ARSA Q4","Western Iberia & Gulf of Cadiz"
"589",2012,17.8022159601405,414.174577309483,2.18406651874515,2.16262011037066,"Eledone cirrhosa","SP-ARSA Q4","Western Iberia & Gulf of Cadiz"
"590",2013,4.31869461452039,351.114552960651,0.529839449952641,1.83335104295674,"Eledone cirrhosa","SP-ARSA Q4","Western Iberia & Gulf of Cadiz"
"591",2014,46.2745421245421,678.747252747253,5.67719649906308,3.54409116123322,"Eledone cirrhosa","SP-ARSA Q4","Western Iberia & Gulf of Cadiz"
"592",2015,8.93880952380952,248.072142857143,1.09665867676838,1.29531321900697,"Eledone cirrhosa","SP-ARSA Q4","Western Iberia & Gulf of Cadiz"
"593",2016,13.1750116550117,470.26965034965,1.61637752874227,2.45552155747886,"Eledone cirrhosa","SP-ARSA Q4","Western Iberia & Gulf of Cadiz"
"594",2017,1.0094246031746,44.8363095238095,0.123841351207485,0.23411360803669,"Eledone cirrhosa","SP-ARSA Q4","Western Iberia & Gulf of Cadiz"
"595",2018,1.60813186813187,72.7450549450549,0.197293807623609,0.379839631336523,"Eledone cirrhosa","SP-ARSA Q4","Western Iberia & Gulf of Cadiz"
"596",2019,0.157142857142857,15.9428571428571,0.0192790860258139,0.0832459193847288,"Eledone cirrhosa","SP-ARSA Q4","Western Iberia & Gulf of Cadiz"
"597",2020,12.5965863084284,221.739574898785,1.54541336136588,1.15781723508063,"Eledone cirrhosa","SP-ARSA Q4","Western Iberia & Gulf of Cadiz"
"598",2022,9.49583333333333,229.47711038961,1.16499719458261,1.19821891778618,"Eledone cirrhosa","SP-ARSA Q4","Western Iberia & Gulf of Cadiz"
"599",2023,0.552727272727273,46.4484848484848,0.0678113967982348,0.242531610902136,"Eledone cirrhosa","SP-ARSA Q4","Western Iberia & Gulf of Cadiz"
"600",2024,1.2874628879892,64.3624561403509,0.15795250400737,0.336069738770963,"Eledone cirrhosa","SP-ARSA Q4","Western Iberia & Gulf of Cadiz"
"601",2025,0.0153846153846154,1.01538461538462,0.0018874629675622,0.0053018492908388,"Eledone cirrhosa","SP-ARSA Q4","Western Iberia & Gulf of Cadiz"
"602",2002,0.434343434343434,110.545454545455,0.488972797763448,0.577054648176923,"Eledone moschata","PT-IBTS","Western Iberia & Gulf of Cadiz"
"603",2003,0.711578947368421,167.065363408521,0.801077491248984,0.872092343377299,"Eledone moschata","PT-IBTS","Western Iberia & Gulf of Cadiz"
"604",2004,5.56552706552706,953.271367521368,6.26552889966598,4.97614013949338,"Eledone moschata","PT-IBTS","Western Iberia & Gulf of Cadiz"
"605",2005,0.414285714285714,90.0642857142857,0.466392326371714,0.470141580401146,"Eledone moschata","PT-IBTS","Western Iberia & Gulf of Cadiz"
"606",2006,1.54615384615385,424.651923076923,1.7406206981565,2.21671137068823,"Eledone moschata","PT-IBTS","Western Iberia & Gulf of Cadiz"
"607",2007,2.03397435897436,468.20641025641,2.28979663153009,2.44406869966416,"Eledone moschata","PT-IBTS","Western Iberia & Gulf of Cadiz"
"608",2008,0.834632034632035,199.217316017316,0.93960752899129,1.03992768113187,"Eledone moschata","PT-IBTS","Western Iberia & Gulf of Cadiz"
"609",2009,0.318796992481203,86.3007518796992,0.358893550601827,0.450495682686498,"Eledone moschata","PT-IBTS","Western Iberia & Gulf of Cadiz"
"610",2010,1.38461538461538,363.116923076923,1.55876480431926,1.89549456515267,"Eledone moschata","PT-IBTS","Western Iberia & Gulf of Cadiz"
"611",2011,0.222222222222222,51.3253968253968,0.250172129088276,0.267921995792618,"Eledone moschata","PT-IBTS","Western Iberia & Gulf of Cadiz"
"612",2013,0.294372294372294,81.5930735930736,0.331396846324729,0.42592128794011,"Eledone moschata","PT-IBTS","Western Iberia & Gulf of Cadiz"
"613",2014,0.0865800865800866,25.2987012987013,0.0974696606837437,0.132060908675828,"Eledone moschata","PT-IBTS","Western Iberia & Gulf of Cadiz"
"614",2015,0.333333333333333,59.2388888888889,0.375258193632413,0.309230952341995,"Eledone moschata","PT-IBTS","Western Iberia & Gulf of Cadiz"
"615",2016,0.0363636363636364,13.2181818181818,0.0409372574871724,0.068999790990892,"Eledone moschata","PT-IBTS","Western Iberia & Gulf of Cadiz"
"616",2017,0.434334415584416,111.434902597403,0.488962644673793,0.581697626350915,"Eledone moschata","PT-IBTS","Western Iberia & Gulf of Cadiz"
"617",2018,0.0683760683760684,18.8034188034188,0.0769760397194694,0.0981551006936118,"Eledone moschata","PT-IBTS","Western Iberia & Gulf of Cadiz"
"618",2021,0.764871794871795,144.459188034188,0.861073224311915,0.754086599668517,"Eledone moschata","PT-IBTS","Western Iberia & Gulf of Cadiz"
"619",2022,0.701754385964912,129.447368421053,0.790017249752449,0.675723899718775,"Eledone moschata","PT-IBTS","Western Iberia & Gulf of Cadiz"
"620",2023,0.691152597402597,142.541305916306,0.778082025676948,0.744075127054559,"Eledone moschata","PT-IBTS","Western Iberia & Gulf of Cadiz"
"621",2000,140.456876456876,3977.21445221445,1.92084398861195,1.70680364318865,"Eledone moschata","SP-ARSA Q1","Western Iberia & Gulf of Cadiz"
"622",2001,11.3017857142857,537.482936507937,0.154559660569779,0.230658377918922,"Eledone moschata","SP-ARSA Q1","Western Iberia & Gulf of Cadiz"
"623",2004,52.4634920634921,1732.34285714286,0.717474187763883,0.743427123517814,"Eledone moschata","SP-ARSA Q1","Western Iberia & Gulf of Cadiz"
"624",2005,86.7962962962963,3147.72222222222,1.18699880119939,1.35083079406076,"Eledone moschata","SP-ARSA Q1","Western Iberia & Gulf of Cadiz"
"625",2007,70.0888888888889,2051.48055555556,0.958513561506173,0.880383627340823,"Eledone moschata","SP-ARSA Q1","Western Iberia & Gulf of Cadiz"
"626",2008,42.4027777777778,1702.36787749288,0.579887029026305,0.730563496201312,"Eledone moschata","SP-ARSA Q1","Western Iberia & Gulf of Cadiz"
"627",2009,61.9473849878935,1950.61128329298,0.847172919303517,0.837096034113936,"Eledone moschata","SP-ARSA Q1","Western Iberia & Gulf of Cadiz"
"628",2010,42.2537202380952,1665.890625,0.577848565077234,0.714909447822379,"Eledone moschata","SP-ARSA Q1","Western Iberia & Gulf of Cadiz"
"629",2011,7.74431818181818,598.90863997114,0.105908855448675,0.257018941503329,"Eledone moschata","SP-ARSA Q1","Western Iberia & Gulf of Cadiz"
"630",2012,38.3148829431438,1477.51632425545,0.523982267242746,0.634069466308461,"Eledone moschata","SP-ARSA Q1","Western Iberia & Gulf of Cadiz"
"631",2013,60.2189278974993,1772.85036788608,0.823535084721052,0.760810739046653,"Eledone moschata","SP-ARSA Q1","Western Iberia & Gulf of Cadiz"
"632",2014,19.2548076923077,3556.54326923077,0.263322683378936,1.52627450242249,"Eledone moschata","SP-ARSA Q1","Western Iberia & Gulf of Cadiz"
"633",2015,51.14165001665,1518.832001332,0.69939709240465,0.651799902774062,"Eledone moschata","SP-ARSA Q1","Western Iberia & Gulf of Cadiz"
"634",2016,149.955599149723,3157.58381823901,2.05074552739242,1.35506285351125,"Eledone moschata","SP-ARSA Q1","Western Iberia & Gulf of Cadiz"
"635",2017,125.08125,3444.9943452381,1.71057176559337,1.47840378482554,"Eledone moschata","SP-ARSA Q1","Western Iberia & Gulf of Cadiz"
"636",2018,85.1357142857143,2455.87904761905,1.164289204823,1.05392941619555,"Eledone moschata","SP-ARSA Q1","Western Iberia & Gulf of Cadiz"
"637",2019,96.5900326797386,3105.0704248366,1.32093485426234,1.33252696759101,"Eledone moschata","SP-ARSA Q1","Western Iberia & Gulf of Cadiz"
"638",2020,164.782936507937,4356.26488095238,2.25351952144739,1.86947142499808,"Eledone moschata","SP-ARSA Q1","Western Iberia & Gulf of Cadiz"
"639",2022,129.718333333333,3552.35333333333,1.77398705625207,1.52447641033055,"Eledone moschata","SP-ARSA Q1","Western Iberia & Gulf of Cadiz"
"640",2023,47.678974005061,1494.76558546124,0.652042626257072,0.6414719089532,"Eledone moschata","SP-ARSA Q1","Western Iberia & Gulf of Cadiz"
"641",2024,52.2434343434343,1677.77864357864,0.714464747718061,0.720011137375234,"Eledone moschata","SP-ARSA Q1","Western Iberia & Gulf of Cadiz"
"642",2002,82.6485655737705,1605.92069672131,0.890097481157952,0.688524850306423,"Eledone moschata","SP-ARSA Q4","Western Iberia & Gulf of Cadiz"
"643",2003,25.4696428571429,1134.19166666667,0.274299557357717,0.486275037805293,"Eledone moschata","SP-ARSA Q4","Western Iberia & Gulf of Cadiz"
"644",2004,176.97619047619,3854.25,1.90597453536181,1.65247693096645,"Eledone moschata","SP-ARSA Q4","Western Iberia & Gulf of Cadiz"
"645",2006,147.674297924298,3789.33547008547,1.59040292716105,1.62464537796177,"Eledone moschata","SP-ARSA Q4","Western Iberia & Gulf of Cadiz"
"646",2007,66.2401394901395,1767.15452140452,0.71338420579239,0.757652482343912,"Eledone moschata","SP-ARSA Q4","Western Iberia & Gulf of Cadiz"
"647",2008,65.9889840403685,1509.87416710673,0.710679345379287,0.647345717015256,"Eledone moschata","SP-ARSA Q4","Western Iberia & Gulf of Cadiz"
"648",2009,95.0888913525499,2262.83662971175,1.02407563992699,0.970171973573207,"Eledone moschata","SP-ARSA Q4","Western Iberia & Gulf of Cadiz"
"649",2010,9.46103569632981,551.074811463047,0.101892198418519,0.236268641935362,"Eledone moschata","SP-ARSA Q4","Western Iberia & Gulf of Cadiz"
"650",2011,32.7579966329966,1061.67760942761,0.352792696260231,0.45518525204715,"Eledone moschata","SP-ARSA Q4","Western Iberia & Gulf of Cadiz"
"651",2012,145.943935309973,3636.65419014947,1.57176749902255,1.5591845767982,"Eledone moschata","SP-ARSA Q4","Western Iberia & Gulf of Cadiz"
"652",2013,19.0730659540097,1757.54218304382,0.205410557893715,0.753531273965185,"Eledone moschata","SP-ARSA Q4","Western Iberia & Gulf of Cadiz"
"653",2014,36.6331501831502,1338.06043956044,0.394526807314018,0.573682041541791,"Eledone moschata","SP-ARSA Q4","Western Iberia & Gulf of Cadiz"
"654",2015,136.101785714286,3687.50178571429,1.46577083104067,1.58098505125263,"Eledone moschata","SP-ARSA Q4","Western Iberia & Gulf of Cadiz"
"655",2016,136.019362859363,2762.96168868169,1.46488316438793,1.18459634213935,"Eledone moschata","SP-ARSA Q4","Western Iberia & Gulf of Cadiz"
"656",2017,267.805555555556,4841.56547619048,2.88417649822777,2.07578005037772,"Eledone moschata","SP-ARSA Q4","Western Iberia & Gulf of Cadiz"
"657",2018,176.754065934066,3212.30307692308,1.90358232813987,1.37724764348133,"Eledone moschata","SP-ARSA Q4","Western Iberia & Gulf of Cadiz"
"658",2019,45.0936540133295,1014.5853086062,0.48564361129349,0.434994828298429,"Eledone moschata","SP-ARSA Q4","Western Iberia & Gulf of Cadiz"
"659",2020,49.6012237762238,3242.02106643357,0.534188633995848,1.38998897891644,"Eledone moschata","SP-ARSA Q4","Western Iberia & Gulf of Cadiz"
"660",2022,65.8419167039857,1679.98666032244,0.709095479225456,0.720280002727947,"Eledone moschata","SP-ARSA Q4","Western Iberia & Gulf of Cadiz"
"661",2023,137.723868207103,3218.2103022523,1.48324011839084,1.37978031613686,"Eledone moschata","SP-ARSA Q4","Western Iberia & Gulf of Cadiz"
"662",2024,120.481349527665,3056.18307692308,1.29754394400669,1.31031252031535,"Eledone moschata","SP-ARSA Q4","Western Iberia & Gulf of Cadiz"
"663",2025,3.39582850811317,329.079666190298,0.0365719402452057,0.14109011009395,"Eledone moschata","SP-ARSA Q4","Western Iberia & Gulf of Cadiz"
"664",2014,0.0634920634920635,0.19047619047619,4.64794399291864,0.781882419828625,"Octopodidae","PT-IBTS","Western Iberia & Gulf of Cadiz"
"665",2015,0.05,4.175,3.66025589442343,17.1378852896187,"Octopodidae","PT-IBTS","Western Iberia & Gulf of Cadiz"
"666",2016,0,0,0,0,"Octopodidae","PT-IBTS","Western Iberia & Gulf of Cadiz"
"667",2017,0,0,0,0,"Octopodidae","PT-IBTS","Western Iberia & Gulf of Cadiz"
"668",2018,0,0,0,0,"Octopodidae","PT-IBTS","Western Iberia & Gulf of Cadiz"
"669",2021,0,0,0,0,"Octopodidae","PT-IBTS","Western Iberia & Gulf of Cadiz"
"670",2022,0.146052631578947,0.263157894736842,10.6918001126579,1.08023229055271,"Octopodidae","PT-IBTS","Western Iberia & Gulf of Cadiz"
"671",2023,0,0,0,0,"Octopodidae","PT-IBTS","Western Iberia & Gulf of Cadiz"
"672",2002,0.037037037037037,20.6666666666667,0.0339862793008437,0.0207428612864108,"Octopus vulgaris","PT-IBTS","Western Iberia & Gulf of Cadiz"
"673",2003,3.98161546056283,3376.76347745821,3.65364796800363,3.38921305209357,"Octopus vulgaris","PT-IBTS","Western Iberia & Gulf of Cadiz"
"674",2004,5.81918328584995,3995.37891737892,5.33985448830384,4.01010922596005,"Octopus vulgaris","PT-IBTS","Western Iberia & Gulf of Cadiz"
"675",2005,0.34952380952381,440.220476190476,0.320733372944819,0.441843497083391,"Octopus vulgaris","PT-IBTS","Western Iberia & Gulf of Cadiz"
"676",2006,1.28424908424908,1357.12747252747,1.17846489786684,1.36213097954587,"Octopus vulgaris","PT-IBTS","Western Iberia & Gulf of Cadiz"
"677",2007,0.208717948717949,178.028461538462,0.191525755506139,0.178684823357682,"Octopus vulgaris","PT-IBTS","Western Iberia & Gulf of Cadiz"
"678",2008,0.954359925788497,1264.62554112554,0.875748860767268,1.26928800865255,"Octopus vulgaris","PT-IBTS","Western Iberia & Gulf of Cadiz"
"679",2009,0.101587301587302,158.964411027569,0.0932195089394569,0.159550486810686,"Octopus vulgaris","PT-IBTS","Western Iberia & Gulf of Cadiz"
"680",2010,0.218333333333333,228.093333333333,0.200349116478473,0.228934276146212,"Octopus vulgaris","PT-IBTS","Western Iberia & Gulf of Cadiz"
"681",2011,0.0555555555555556,34.6071428571429,0.0509794189512655,0.0347347337324862,"Octopus vulgaris","PT-IBTS","Western Iberia & Gulf of Cadiz"
"682",2013,0.367841682127396,483.533333333333,0.337542393976394,0.48531604164625,"Octopus vulgaris","PT-IBTS","Western Iberia & Gulf of Cadiz"
"683",2014,0.774025974025974,908.762914862915,0.710269099362567,0.912113375092053,"Octopus vulgaris","PT-IBTS","Western Iberia & Gulf of Cadiz"
"684",2015,0.47,531.286666666667,0.431285884327706,0.533245433709011,"Octopus vulgaris","PT-IBTS","Western Iberia & Gulf of Cadiz"
"685",2016,0.264935064935065,273.477922077922,0.243112242063697,0.274486190446364,"Octopus vulgaris","PT-IBTS","Western Iberia & Gulf of Cadiz"
"686",2017,0.151515151515152,186.412121212121,0.139034778957997,0.18709939221332,"Octopus vulgaris","PT-IBTS","Western Iberia & Gulf of Cadiz"
"687",2018,0.830769230769231,768.866666666667,0.762338388009693,0.771701352310244,"Octopus vulgaris","PT-IBTS","Western Iberia & Gulf of Cadiz"
"688",2021,1.02670192307692,782.180726495727,0.942132014542952,0.785064498900235,"Octopus vulgaris","PT-IBTS","Western Iberia & Gulf of Cadiz"
"689",2022,1.5624686716792,1437.58145363409,1.4337674102117,1.44288158132171,"Octopus vulgaris","PT-IBTS","Western Iberia & Gulf of Cadiz"
"690",2023,2.24710302913932,2503.62971642306,2.06200812148472,2.51286018969191,"Octopus vulgaris","PT-IBTS","Western Iberia & Gulf of Cadiz"
"691",2007,0.75,348.4375,0.838939766072232,0.488488239184817,"Octopus vulgaris","SP-NORTH","Western Iberia & Gulf of Cadiz"
"692",2008,0.846264367816092,1347.44731800766,0.946619774361196,1.88903940525307,"Octopus vulgaris","SP-NORTH","Western Iberia & Gulf of Cadiz"
"693",2009,0.340277777777778,614.079861111111,0.38063007905129,0.860902715904642,"Octopus vulgaris","SP-NORTH","Western Iberia & Gulf of Cadiz"
"694",2010,4.93965517241379,2141.77478448276,5.52543087309642,3.00263833026705,"Octopus vulgaris","SP-NORTH","Western Iberia & Gulf of Cadiz"
"695",2011,2.69444444444444,1921.44444444444,3.01396878922246,2.69374855851657,"Octopus vulgaris","SP-NORTH","Western Iberia & Gulf of Cadiz"
"696",2012,4.83928571428571,4472.45535714286,5.4131589667994,6.27011111675241,"Octopus vulgaris","SP-NORTH","Western Iberia & Gulf of Cadiz"
"697",2013,1.80357142857143,1124.59821428571,2.01745038984037,1.57661847960342,"Octopus vulgaris","SP-NORTH","Western Iberia & Gulf of Cadiz"
"698",2014,0.974274767378216,907.695675971538,1.08981046057914,1.2725342779437,"Octopus vulgaris","SP-NORTH","Western Iberia & Gulf of Cadiz"
"699",2015,0.636206896551724,25.6086206896552,0.711652353288859,0.0359017328176259,"Octopus vulgaris","SP-NORTH","Western Iberia & Gulf of Cadiz"
"700",2016,3.51785714285714,4008.30357142857,3.93502699800547,5.61939846809071,"Octopus vulgaris","SP-NORTH","Western Iberia & Gulf of Cadiz"
"701",2017,0,0,0,0,"Octopus vulgaris","SP-NORTH","Western Iberia & Gulf of Cadiz"
"702",2018,1.02678571428571,914.375,1.14854848926556,1.28189828507155,"Octopus vulgaris","SP-NORTH","Western Iberia & Gulf of Cadiz"
"703",2019,0.589285714285714,578.946428571429,0.659166959056754,0.811647774637333,"Octopus vulgaris","SP-NORTH","Western Iberia & Gulf of Cadiz"
"704",2020,0,0,0,0,"Octopus vulgaris","SP-NORTH","Western Iberia & Gulf of Cadiz"
"705",2021,0.285714285714286,140.571428571429,0.31959610136085,0.197072615957098,"Octopus vulgaris","SP-NORTH","Western Iberia & Gulf of Cadiz"
"706",2022,0,0,0,0,"Octopus vulgaris","SP-NORTH","Western Iberia & Gulf of Cadiz"
"707",2023,0,0,0,0,"Octopus vulgaris","SP-NORTH","Western Iberia & Gulf of Cadiz"
"708",2024,0,0,0,0,"Octopus vulgaris","SP-NORTH","Western Iberia & Gulf of Cadiz"
"709",2025,0,0,0,0,"Octopus vulgaris","SP-NORTH","Western Iberia & Gulf of Cadiz"
"710",2000,39.4428904428904,7471.31701631702,2.52446105599296,2.78304672261493,"Octopus vulgaris","SP-ARSA Q1","Western Iberia & Gulf of Cadiz"
"711",2001,2.53055555555556,1154.42400793651,0.161963002160713,0.430020027898568,"Octopus vulgaris","SP-ARSA Q1","Western Iberia & Gulf of Cadiz"
"712",2004,0.276190476190476,300.650793650794,0.0176770032152824,0.111991661455945,"Octopus vulgaris","SP-ARSA Q1","Western Iberia & Gulf of Cadiz"
"713",2005,4.16666666666667,1847.62037037037,0.266678927816761,0.688233922502005,"Octopus vulgaris","SP-ARSA Q1","Western Iberia & Gulf of Cadiz"
"714",2007,1.53333333333333,1384.86111111111,0.098137845436568,0.515857266950043,"Octopus vulgaris","SP-ARSA Q1","Western Iberia & Gulf of Cadiz"
"715",2008,20.4697293447293,6742.62393162393,1.31012291384441,2.51161038860337,"Octopus vulgaris","SP-ARSA Q1","Western Iberia & Gulf of Cadiz"
"716",2009,19.4342857142857,2383.3,1.24385147452087,0.887773231884331,"Octopus vulgaris","SP-ARSA Q1","Western Iberia & Gulf of Cadiz"
"717",2010,2.2202380952381,1577.52678571429,0.142101771536645,0.587624744236006,"Octopus vulgaris","SP-ARSA Q1","Western Iberia & Gulf of Cadiz"
"718",2011,0.955357142857143,395.157738095238,0.0611456684494145,0.147195259620237,"Octopus vulgaris","SP-ARSA Q1","Western Iberia & Gulf of Cadiz"
"719",2012,8.00759675107501,2427.80989010989,0.512509755831759,0.904353053557504,"Octopus vulgaris","SP-ARSA Q1","Western Iberia & Gulf of Cadiz"
"720",2013,72.5099004170433,6908.74154654869,4.64084699983613,2.57348878069613,"Octopus vulgaris","SP-ARSA Q1","Western Iberia & Gulf of Cadiz"
"721",2014,2.74519230769231,1833.84038461538,0.175700385903889,0.683100912604374,"Octopus vulgaris","SP-ARSA Q1","Western Iberia & Gulf of Cadiz"
"722",2015,4.51202963702964,1312.38295038295,0.288783174211323,0.48885933509477,"Octopus vulgaris","SP-ARSA Q1","Western Iberia & Gulf of Cadiz"
"723",2016,7.85815913142116,2035.70785934208,0.502945308427412,0.758296037200711,"Octopus vulgaris","SP-ARSA Q1","Western Iberia & Gulf of Cadiz"
"724",2017,50.0860119047619,4327.14910714286,3.20565214881106,1.61185211584509,"Octopus vulgaris","SP-ARSA Q1","Western Iberia & Gulf of Cadiz"
"725",2018,0.372380952380952,327.275238095238,0.0238334767488808,0.121909199781615,"Octopus vulgaris","SP-ARSA Q1","Western Iberia & Gulf of Cadiz"
"726",2019,62.502614379085,6014.47581699346,4.00035124520612,2.24037705456402,"Octopus vulgaris","SP-ARSA Q1","Western Iberia & Gulf of Cadiz"
"727",2020,2.7452380952381,1038.94226190476,0.175703316441557,0.387003369106872,"Octopus vulgaris","SP-ARSA Q1","Western Iberia & Gulf of Cadiz"
"728",2022,18.1066666666667,2897.89666666667,1.15887994872052,1.07945919079994,"Octopus vulgaris","SP-ARSA Q1","Western Iberia & Gulf of Cadiz"
"729",2023,4.63112491373361,2144.62410858063,0.296405622379192,0.7988670650156,"Octopus vulgaris","SP-ARSA Q1","Western Iberia & Gulf of Cadiz"
"730",2024,3.0037518037518,1849.89350649351,0.192248954508526,0.689080659967934,"Octopus vulgaris","SP-ARSA Q1","Western Iberia & Gulf of Cadiz"
"731",2002,5.48918032786885,895.98893442623,0.157000653229075,0.284487698198082,"Octopus vulgaris","SP-ARSA Q4","Western Iberia & Gulf of Cadiz"
"732",2003,1.86666666666667,1555.20952380952,0.0533900998915423,0.49379848416056,"Octopus vulgaris","SP-ARSA Q4","Western Iberia & Gulf of Cadiz"
"733",2004,40.4642857142857,3252.41071428571,1.15735299446015,1.03268109923081,"Octopus vulgaris","SP-ARSA Q4","Western Iberia & Gulf of Cadiz"
"734",2006,18.0837912087912,2676.09630647131,0.517229688779548,0.849694063322268,"Octopus vulgaris","SP-ARSA Q4","Western Iberia & Gulf of Cadiz"
"735",2007,120.116161616162,9361.41281866282,3.43554314318331,2.97236570936991,"Octopus vulgaris","SP-ARSA Q4","Western Iberia & Gulf of Cadiz"
"736",2008,18.279318488529,1727.12889338731,0.522822128599221,0.548385035230157,"Octopus vulgaris","SP-ARSA Q4","Western Iberia & Gulf of Cadiz"
"737",2009,36.9136289726534,3809.14878787879,1.05579768118355,1.20945240406524,"Octopus vulgaris","SP-ARSA Q4","Western Iberia & Gulf of Cadiz"
"738",2010,6.90946036534272,1117.15258924082,0.197623274519089,0.354709926024557,"Octopus vulgaris","SP-ARSA Q4","Western Iberia & Gulf of Cadiz"
"739",2011,18.481240981241,2302.52501202501,0.528597483272208,0.731080502834536,"Octopus vulgaris","SP-ARSA Q4","Western Iberia & Gulf of Cadiz"
"740",2012,211.923282692151,8878.43629012497,6.06139566014865,2.81901461806941,"Octopus vulgaris","SP-ARSA Q4","Western Iberia & Gulf of Cadiz"
"741",2013,41.3094274146906,6661.22382880278,1.18152560149968,2.11502191759975,"Octopus vulgaris","SP-ARSA Q4","Western Iberia & Gulf of Cadiz"
"742",2014,12.2258241758242,1885.61868131868,0.349681057501974,0.598707526082536,"Octopus vulgaris","SP-ARSA Q4","Western Iberia & Gulf of Cadiz"
"743",2015,41.8857142857143,4329.275,1.19800846593369,1.37459898475778,"Octopus vulgaris","SP-ARSA Q4","Western Iberia & Gulf of Cadiz"
"744",2016,45.2919347319347,4504.31571095571,1.29543263551029,1.43017660077224,"Octopus vulgaris","SP-ARSA Q4","Western Iberia & Gulf of Cadiz"
"745",2017,3.97271825396825,630.552579365079,0.113627048796599,0.200208334058622,"Octopus vulgaris","SP-ARSA Q4","Western Iberia & Gulf of Cadiz"
"746",2018,25.0527472527473,1977.18065934066,0.716554649133074,0.627779599820384,"Octopus vulgaris","SP-ARSA Q4","Western Iberia & Gulf of Cadiz"
"747",2019,6.59040857722399,1152.75467980296,0.188497806570035,0.36601403526732,"Octopus vulgaris","SP-ARSA Q4","Western Iberia & Gulf of Cadiz"
"748",2020,11.4409599121808,1155.27920596845,0.32723249601775,0.366815603914283,"Octopus vulgaris","SP-ARSA Q4","Western Iberia & Gulf of Cadiz"
"749",2022,60.7336430810569,4262.30405844156,1.73709389511155,1.35333487280497,"Octopus vulgaris","SP-ARSA Q4","Western Iberia & Gulf of Cadiz"
"750",2023,15.3534959349593,1925.52561714708,0.439138222313501,0.611378477563906,"Octopus vulgaris","SP-ARSA Q4","Western Iberia & Gulf of Cadiz"
"751",2024,19.3222402159244,3951.28739541161,0.552651608173168,1.25458319053861,"Octopus vulgaris","SP-ARSA Q4","Western Iberia & Gulf of Cadiz"
"752",2025,7.47517334360555,1277.78055884793,0.213803706172336,0.405711316314071,"Octopus vulgaris","SP-ARSA Q4","Western Iberia & Gulf of Cadiz"
